--MEMBRES
PROMPT Insertion des membres
Insert into BO.MEMBRES (PRENOM,NOM,GENRE,DATE_NAISSANCE,COURRIEL,ADRESSE_LIGNE1,ADRESSE_LIGNE2,VILLE,PROVINCE,CODE_POSTAL,PAYS,TELEPHONE,DATE_DEBUT_MEMBRE,STATUT_MEMBRE,THEME_PREFERE) values ('Baxie','Bernadzki','M',to_date('1998-04-09','YYYY-MM-DD'),'bbernadzki0@gravatar.com','8 International Place','PO Box 7265','Atlanta','Georgia','30343','États-Unis','404-703-4208',to_date('2020-11-01','YYYY-MM-DD'),'actif','Mystère');
Insert into BO.MEMBRES (PRENOM,NOM,GENRE,DATE_NAISSANCE,COURRIEL,ADRESSE_LIGNE1,ADRESSE_LIGNE2,VILLE,PROVINCE,CODE_POSTAL,PAYS,TELEPHONE,DATE_DEBUT_MEMBRE,STATUT_MEMBRE,THEME_PREFERE) values ('Roscoe','Ruppel','M',to_date('1982-08-18','YYYY-MM-DD'),'rruppel1@ucsd.edu','011 Delaware Circle','PO Box 69837','Hartford','Connecticut','06105','États-Unis','860-411-5941',to_date('2020-06-21','YYYY-MM-DD'),'actif','Non-fiction');
Insert into BO.MEMBRES (PRENOM,NOM,GENRE,DATE_NAISSANCE,COURRIEL,ADRESSE_LIGNE1,ADRESSE_LIGNE2,VILLE,PROVINCE,CODE_POSTAL,PAYS,TELEPHONE,DATE_DEBUT_MEMBRE,STATUT_MEMBRE,THEME_PREFERE) values ('Lydie','Zahor','F',to_date('1983-03-08','YYYY-MM-DD'),'lzahor2@google.ru','2 Elmside Way','Suite 79','Washington','District of Columbia','20210','États-Unis','202-345-2733',to_date('2020-01-27','YYYY-MM-DD'),'suspendu','Romance');
Insert into BO.MEMBRES (PRENOM,NOM,GENRE,DATE_NAISSANCE,COURRIEL,ADRESSE_LIGNE1,ADRESSE_LIGNE2,VILLE,PROVINCE,CODE_POSTAL,PAYS,TELEPHONE,DATE_DEBUT_MEMBRE,STATUT_MEMBRE,THEME_PREFERE) values ('Ynez','Dredge','F',to_date('1941-12-06','YYYY-MM-DD'),'ydredge3@canalblog.com','53156 Portage Trail','Room 218','Smoky Lake','Alberta','N8V','Canada','936-952-6205',to_date('2022-08-19','YYYY-MM-DD'),'expiré','Romance');
Insert into BO.MEMBRES (PRENOM,NOM,GENRE,DATE_NAISSANCE,COURRIEL,ADRESSE_LIGNE1,ADRESSE_LIGNE2,VILLE,PROVINCE,CODE_POSTAL,PAYS,TELEPHONE,DATE_DEBUT_MEMBRE,STATUT_MEMBRE,THEME_PREFERE) values ('Cassaundra','Barnshaw','F',to_date('1968-07-11','YYYY-MM-DD'),'cbarnshaw4@baidu.com','809 Bobwhite Drive','9th Floor','Albuquerque','New Mexico','87140','États-Unis','505-979-9944',to_date('2020-05-17','YYYY-MM-DD'),'actif','Non-fiction');
Insert into BO.MEMBRES (PRENOM,NOM,GENRE,DATE_NAISSANCE,COURRIEL,ADRESSE_LIGNE1,ADRESSE_LIGNE2,VILLE,PROVINCE,CODE_POSTAL,PAYS,TELEPHONE,DATE_DEBUT_MEMBRE,STATUT_MEMBRE,THEME_PREFERE) values ('Charlene','Barwise','F',to_date('1941-08-31','YYYY-MM-DD'),'cbarwise5@ow.ly','8784 Barnett Trail','Apt 1043','Sioux City','Iowa','51105','États-Unis','712-428-1876',to_date('2020-07-20','YYYY-MM-DD'),'actif','Romance');
Insert into BO.MEMBRES (PRENOM,NOM,GENRE,DATE_NAISSANCE,COURRIEL,ADRESSE_LIGNE1,ADRESSE_LIGNE2,VILLE,PROVINCE,CODE_POSTAL,PAYS,TELEPHONE,DATE_DEBUT_MEMBRE,STATUT_MEMBRE,THEME_PREFERE) values ('James','Letrange','M',to_date('1952-06-29','YYYY-MM-DD'),'jletrange6@usda.gov','640 Summit Center','Room 1993','Corpus Christi','Texas','78410','États-Unis','361-830-4122',to_date('2022-10-06','YYYY-MM-DD'),'actif','Fiction');
Insert into BO.MEMBRES (PRENOM,NOM,GENRE,DATE_NAISSANCE,COURRIEL,ADRESSE_LIGNE1,ADRESSE_LIGNE2,VILLE,PROVINCE,CODE_POSTAL,PAYS,TELEPHONE,DATE_DEBUT_MEMBRE,STATUT_MEMBRE,THEME_PREFERE) values ('Onofredo','MacAndrew','M',to_date('1943-06-18','YYYY-MM-DD'),'omacandrew7@ezinearticles.com','0 Golden Leaf Hill','Room 763','Phoenix','Arizona','85030','États-Unis','602-757-1208',to_date('2022-10-25','YYYY-MM-DD'),'expiré','Non-fiction');
Insert into BO.MEMBRES (PRENOM,NOM,GENRE,DATE_NAISSANCE,COURRIEL,ADRESSE_LIGNE1,ADRESSE_LIGNE2,VILLE,PROVINCE,CODE_POSTAL,PAYS,TELEPHONE,DATE_DEBUT_MEMBRE,STATUT_MEMBRE,THEME_PREFERE) values ('Valentine','Ciccarelli','M',to_date('1931-11-12','YYYY-MM-DD'),'vciccarelli8@facebook.com','065 Bay Drive','3rd Floor','Innisfil','Ontario','L9S','Canada','546-468-0064',to_date('2021-06-09','YYYY-MM-DD'),'expiré','Fiction');
Insert into BO.MEMBRES (PRENOM,NOM,GENRE,DATE_NAISSANCE,COURRIEL,ADRESSE_LIGNE1,ADRESSE_LIGNE2,VILLE,PROVINCE,CODE_POSTAL,PAYS,TELEPHONE,DATE_DEBUT_MEMBRE,STATUT_MEMBRE,THEME_PREFERE) values ('Lil','Neagle','F',to_date('1932-01-20','YYYY-MM-DD'),'lneagle9@altervista.org','2652 Cottonwood Trail','Room 1539','New Orleans','Louisiana','70149','États-Unis','504-486-5216',to_date('2022-10-20','YYYY-MM-DD'),'expiré','Non-fiction');
Insert into BO.MEMBRES (PRENOM,NOM,GENRE,DATE_NAISSANCE,COURRIEL,ADRESSE_LIGNE1,ADRESSE_LIGNE2,VILLE,PROVINCE,CODE_POSTAL,PAYS,TELEPHONE,DATE_DEBUT_MEMBRE,STATUT_MEMBRE,THEME_PREFERE) values ('Marleah','Robberecht','F',to_date('1922-06-13','YYYY-MM-DD'),'mrobberechta@vkontakte.ru','8 Buell Trail','PO Box 44655','Columbus','Ohio','43231','États-Unis','614-194-0637',to_date('2021-04-09','YYYY-MM-DD'),'suspendu','Fiction');
Insert into BO.MEMBRES (PRENOM,NOM,GENRE,DATE_NAISSANCE,COURRIEL,ADRESSE_LIGNE1,ADRESSE_LIGNE2,VILLE,PROVINCE,CODE_POSTAL,PAYS,TELEPHONE,DATE_DEBUT_MEMBRE,STATUT_MEMBRE,THEME_PREFERE) values ('Aleksandr','Kearney','M',to_date('1950-05-20','YYYY-MM-DD'),'akearneyb@go.com','9 Ramsey Pass','18th Floor','Springfield','Illinois','62711','États-Unis','217-362-1538',to_date('2022-09-07','YYYY-MM-DD'),'actif','Non-fiction');
Insert into BO.MEMBRES (PRENOM,NOM,GENRE,DATE_NAISSANCE,COURRIEL,ADRESSE_LIGNE1,ADRESSE_LIGNE2,VILLE,PROVINCE,CODE_POSTAL,PAYS,TELEPHONE,DATE_DEBUT_MEMBRE,STATUT_MEMBRE,THEME_PREFERE) values ('Tamiko','Hubbock','F',to_date('1964-06-16','YYYY-MM-DD'),'thubbockc@msn.com','6676 Prairieview Pass','PO Box 52498','Jeffersonville','Indiana','47134','États-Unis','812-681-1791',to_date('2021-03-09','YYYY-MM-DD'),'suspendu','Mystère');
Insert into BO.MEMBRES (PRENOM,NOM,GENRE,DATE_NAISSANCE,COURRIEL,ADRESSE_LIGNE1,ADRESSE_LIGNE2,VILLE,PROVINCE,CODE_POSTAL,PAYS,TELEPHONE,DATE_DEBUT_MEMBRE,STATUT_MEMBRE,THEME_PREFERE) values ('Hobard','Treacher','M',to_date('1953-04-23','YYYY-MM-DD'),'htreacherd@wp.com','386 Bowman Point','Room 680','Punta Gorda','Florida','33982','États-Unis','941-890-7156',to_date('2021-01-13','YYYY-MM-DD'),'actif','Fiction');
Insert into BO.MEMBRES (PRENOM,NOM,GENRE,DATE_NAISSANCE,COURRIEL,ADRESSE_LIGNE1,ADRESSE_LIGNE2,VILLE,PROVINCE,CODE_POSTAL,PAYS,TELEPHONE,DATE_DEBUT_MEMBRE,STATUT_MEMBRE,THEME_PREFERE) values ('Goran','Mattam','M',to_date('1991-03-14','YYYY-MM-DD'),'gmattame@naver.com','6683 Summer Ridge Alley','PO Box 89312','Chicago','Illinois','60674','États-Unis','312-904-9759',to_date('2022-01-01','YYYY-MM-DD'),'actif','Non-fiction');
Insert into BO.MEMBRES (PRENOM,NOM,GENRE,DATE_NAISSANCE,COURRIEL,ADRESSE_LIGNE1,ADRESSE_LIGNE2,VILLE,PROVINCE,CODE_POSTAL,PAYS,TELEPHONE,DATE_DEBUT_MEMBRE,STATUT_MEMBRE,THEME_PREFERE) values ('Garwin','Jurek','M',to_date('1982-03-30','YYYY-MM-DD'),'gjurekf@icio.us','2 Cascade Trail','Room 842','Delray Beach','Florida','33448','États-Unis','561-628-0868',to_date('2020-06-12','YYYY-MM-DD'),'actif','Mystère');
Insert into BO.MEMBRES (PRENOM,NOM,GENRE,DATE_NAISSANCE,COURRIEL,ADRESSE_LIGNE1,ADRESSE_LIGNE2,VILLE,PROVINCE,CODE_POSTAL,PAYS,TELEPHONE,DATE_DEBUT_MEMBRE,STATUT_MEMBRE,THEME_PREFERE) values ('Star','Cushworth','F',to_date('1955-08-05','YYYY-MM-DD'),'scushworthg@dedecms.com','4907 Victoria Way','Apt 378','Melbourne','Florida','32941','États-Unis','321-354-0083',to_date('2020-06-23','YYYY-MM-DD'),'suspendu','Romance');
Insert into BO.MEMBRES (PRENOM,NOM,GENRE,DATE_NAISSANCE,COURRIEL,ADRESSE_LIGNE1,ADRESSE_LIGNE2,VILLE,PROVINCE,CODE_POSTAL,PAYS,TELEPHONE,DATE_DEBUT_MEMBRE,STATUT_MEMBRE,THEME_PREFERE) values ('Phedra','Tomlin','F',to_date('1956-03-08','YYYY-MM-DD'),'ptomlinh@arizona.edu','150 Spaight Trail','20th Floor','Kansas City','Missouri','64136','États-Unis','816-673-3430',to_date('2022-02-17','YYYY-MM-DD'),'suspendu','Fiction');
Insert into BO.MEMBRES (PRENOM,NOM,GENRE,DATE_NAISSANCE,COURRIEL,ADRESSE_LIGNE1,ADRESSE_LIGNE2,VILLE,PROVINCE,CODE_POSTAL,PAYS,TELEPHONE,DATE_DEBUT_MEMBRE,STATUT_MEMBRE,THEME_PREFERE) values ('Meier','Clemitt','M',to_date('1927-11-16','YYYY-MM-DD'),'mclemitti@google.de','8 North Point','1st Floor','Ladner','British Columbia','V7A','Canada','147-100-6645',to_date('2021-02-11','YYYY-MM-DD'),'actif','Romance');
Insert into BO.MEMBRES (PRENOM,NOM,GENRE,DATE_NAISSANCE,COURRIEL,ADRESSE_LIGNE1,ADRESSE_LIGNE2,VILLE,PROVINCE,CODE_POSTAL,PAYS,TELEPHONE,DATE_DEBUT_MEMBRE,STATUT_MEMBRE,THEME_PREFERE) values ('Gifford','Pagitt','M',to_date('1986-04-09','YYYY-MM-DD'),'gpagittj@businessweek.com','88129 Raven Parkway','Apt 881','Whittier','California','90610','États-Unis','562-648-5117',to_date('2022-07-07','YYYY-MM-DD'),'expiré','Romance');
Insert into BO.MEMBRES (PRENOM,NOM,GENRE,DATE_NAISSANCE,COURRIEL,ADRESSE_LIGNE1,ADRESSE_LIGNE2,VILLE,PROVINCE,CODE_POSTAL,PAYS,TELEPHONE,DATE_DEBUT_MEMBRE,STATUT_MEMBRE,THEME_PREFERE) values ('Rainer','Bogges','M',to_date('1987-09-06','YYYY-MM-DD'),'rboggesk@answers.com','450 Laurel Alley','PO Box 29456','Oxbow','Saskatchewan','T9M','Canada','451-715-3165',to_date('2021-02-11','YYYY-MM-DD'),'suspendu','Mystère');
Insert into BO.MEMBRES (PRENOM,NOM,GENRE,DATE_NAISSANCE,COURRIEL,ADRESSE_LIGNE1,ADRESSE_LIGNE2,VILLE,PROVINCE,CODE_POSTAL,PAYS,TELEPHONE,DATE_DEBUT_MEMBRE,STATUT_MEMBRE,THEME_PREFERE) values ('Kaitlin','Boyde','F',to_date('1989-12-14','YYYY-MM-DD'),'kboydel@feedburner.com','2985 Melody Place','Apt 394','Inuvik','Northwest Territories','E8L','Canada','145-589-4710',to_date('2020-02-20','YYYY-MM-DD'),'actif','Non-fiction');
Insert into BO.MEMBRES (PRENOM,NOM,GENRE,DATE_NAISSANCE,COURRIEL,ADRESSE_LIGNE1,ADRESSE_LIGNE2,VILLE,PROVINCE,CODE_POSTAL,PAYS,TELEPHONE,DATE_DEBUT_MEMBRE,STATUT_MEMBRE,THEME_PREFERE) values ('Amble','Belin','M',to_date('1942-05-02','YYYY-MM-DD'),'abelinm@infoseek.co.jp','249 Hauk Hill','PO Box 61354','Minneapolis','Minnesota','55458','États-Unis','612-306-4947',to_date('2021-04-17','YYYY-MM-DD'),'expiré','Non-fiction');
Insert into BO.MEMBRES (PRENOM,NOM,GENRE,DATE_NAISSANCE,COURRIEL,ADRESSE_LIGNE1,ADRESSE_LIGNE2,VILLE,PROVINCE,CODE_POSTAL,PAYS,TELEPHONE,DATE_DEBUT_MEMBRE,STATUT_MEMBRE,THEME_PREFERE) values ('Kinsley','Herion','M',to_date('1941-03-04','YYYY-MM-DD'),'kherionn@dedecms.com','03 Alpine Alley','Suite 56','Memphis','Tennessee','38150','États-Unis','901-929-1246',to_date('2020-02-14','YYYY-MM-DD'),'actif','Non-fiction');
Insert into BO.MEMBRES (PRENOM,NOM,GENRE,DATE_NAISSANCE,COURRIEL,ADRESSE_LIGNE1,ADRESSE_LIGNE2,VILLE,PROVINCE,CODE_POSTAL,PAYS,TELEPHONE,DATE_DEBUT_MEMBRE,STATUT_MEMBRE,THEME_PREFERE) values ('Cassius','Cornthwaite','M',to_date('1985-01-18','YYYY-MM-DD'),'ccornthwaiteo@scribd.com','0368 Ruskin Point','6th Floor','Cabano','Québec','T9H','Canada','106-632-0256',to_date('2022-05-09','YYYY-MM-DD'),'expiré','Fiction');
Insert into BO.MEMBRES (PRENOM,NOM,GENRE,DATE_NAISSANCE,COURRIEL,ADRESSE_LIGNE1,ADRESSE_LIGNE2,VILLE,PROVINCE,CODE_POSTAL,PAYS,TELEPHONE,DATE_DEBUT_MEMBRE,STATUT_MEMBRE,THEME_PREFERE) values ('Reilly','Toolin','M',to_date('1998-09-08','YYYY-MM-DD'),'rtoolinp@marriott.com','1 Michigan Junction','Suite 16','Tampa','Florida','33686','États-Unis','813-638-2744',to_date('2020-01-02','YYYY-MM-DD'),'actif','Fiction');
Insert into BO.MEMBRES (PRENOM,NOM,GENRE,DATE_NAISSANCE,COURRIEL,ADRESSE_LIGNE1,ADRESSE_LIGNE2,VILLE,PROVINCE,CODE_POSTAL,PAYS,TELEPHONE,DATE_DEBUT_MEMBRE,STATUT_MEMBRE,THEME_PREFERE) values ('Frazer','Tindle','M',to_date('1988-10-27','YYYY-MM-DD'),'ftindleq@jugem.jp','4658 Bowman Way','19th Floor','Spring','Texas','77386','États-Unis','832-838-5549',to_date('2020-06-15','YYYY-MM-DD'),'actif','Mystère');
Insert into BO.MEMBRES (PRENOM,NOM,GENRE,DATE_NAISSANCE,COURRIEL,ADRESSE_LIGNE1,ADRESSE_LIGNE2,VILLE,PROVINCE,CODE_POSTAL,PAYS,TELEPHONE,DATE_DEBUT_MEMBRE,STATUT_MEMBRE,THEME_PREFERE) values ('Christabella','Chavez','F',to_date('1951-10-30','YYYY-MM-DD'),'cc#havezr@uiuc.edu','662 Village Road','Room 166','Brooklyn','New York','11215','États-Unis','917-928-6341',to_date('2022-12-30','YYYY-MM-DD'),'actif','Non-fiction');
Insert into BO.MEMBRES (PRENOM,NOM,GENRE,DATE_NAISSANCE,COURRIEL,ADRESSE_LIGNE1,ADRESSE_LIGNE2,VILLE,PROVINCE,CODE_POSTAL,PAYS,TELEPHONE,DATE_DEBUT_MEMBRE,STATUT_MEMBRE,THEME_PREFERE) values ('Belle','Gallihaulk','F',to_date('1942-01-21','YYYY-MM-DD'),'bgallihaulks@latimes.com','5788 Logan Center','Apt 1831','Mobile','Alabama','36670','États-Unis','251-577-6111',to_date('2022-01-15','YYYY-MM-DD'),'expiré','Mystère');
Insert into BO.MEMBRES (PRENOM,NOM,GENRE,DATE_NAISSANCE,COURRIEL,ADRESSE_LIGNE1,ADRESSE_LIGNE2,VILLE,PROVINCE,CODE_POSTAL,PAYS,TELEPHONE,DATE_DEBUT_MEMBRE,STATUT_MEMBRE,THEME_PREFERE) values ('Cobbie','Whyley','M',to_date('2013-11-02','YYYY-MM-DD'),'cwhyleyt@bbb.org','4490 Roxbury Way','Room 327','Delray Beach','Florida','33448','États-Unis','561-489-0400',to_date('2020-02-07','YYYY-MM-DD'),'suspendu','Non-fiction');
Insert into BO.MEMBRES (PRENOM,NOM,GENRE,DATE_NAISSANCE,COURRIEL,ADRESSE_LIGNE1,ADRESSE_LIGNE2,VILLE,PROVINCE,CODE_POSTAL,PAYS,TELEPHONE,DATE_DEBUT_MEMBRE,STATUT_MEMBRE,THEME_PREFERE) values ('Audi','Myton','F',to_date('1953-03-04','YYYY-MM-DD'),'amytonu@cbc.ca','522 Prentice Plaza','Apt 1026','Lamont','Alberta','N2E','Canada','913-499-7526',to_date('2020-04-20','YYYY-MM-DD'),'actif','Non-fiction');
Insert into BO.MEMBRES (PRENOM,NOM,GENRE,DATE_NAISSANCE,COURRIEL,ADRESSE_LIGNE1,ADRESSE_LIGNE2,VILLE,PROVINCE,CODE_POSTAL,PAYS,TELEPHONE,DATE_DEBUT_MEMBRE,STATUT_MEMBRE,THEME_PREFERE) values ('Dody','Perrigo','F',to_date('1946-02-10','YYYY-MM-DD'),'dperrigov@ucla.edu','5 Southridge Point','5th Floor','Orangeville','Ontario','T1J','Canada','346-319-4988',to_date('2022-01-23','YYYY-MM-DD'),'suspendu','Mystère');
Insert into BO.MEMBRES (PRENOM,NOM,GENRE,DATE_NAISSANCE,COURRIEL,ADRESSE_LIGNE1,ADRESSE_LIGNE2,VILLE,PROVINCE,CODE_POSTAL,PAYS,TELEPHONE,DATE_DEBUT_MEMBRE,STATUT_MEMBRE,THEME_PREFERE) values ('Mirelle','Meffen','F',to_date('1966-07-19','YYYY-MM-DD'),'mmeffenw@constantcontact.com','19294 Union Parkway','PO Box 14419','Kissimmee','Florida','34745','États-Unis','407-154-0314',to_date('2020-12-17','YYYY-MM-DD'),'expiré','Non-fiction');
Insert into BO.MEMBRES (PRENOM,NOM,GENRE,DATE_NAISSANCE,COURRIEL,ADRESSE_LIGNE1,ADRESSE_LIGNE2,VILLE,PROVINCE,CODE_POSTAL,PAYS,TELEPHONE,DATE_DEBUT_MEMBRE,STATUT_MEMBRE,THEME_PREFERE) values ('Ammamaria','Kennett','F',to_date('1950-07-27','YYYY-MM-DD'),'akennettx@istockphoto.com','676 Portage Court','Suite 84','Camlachie','Ontario','G5Z','Canada','830-654-5570',to_date('2020-01-13','YYYY-MM-DD'),'actif','Romance');
Insert into BO.MEMBRES (PRENOM,NOM,GENRE,DATE_NAISSANCE,COURRIEL,ADRESSE_LIGNE1,ADRESSE_LIGNE2,VILLE,PROVINCE,CODE_POSTAL,PAYS,TELEPHONE,DATE_DEBUT_MEMBRE,STATUT_MEMBRE,THEME_PREFERE) values ('Emlyn','Sarjeant','F',to_date('1973-10-14','YYYY-MM-DD'),'esarjeanty@ebay.com','78476 Nobel Hill','Suite 29','New York City','New York','10125','États-Unis','212-695-1669',to_date('2022-10-01','YYYY-MM-DD'),'actif','Non-fiction');
Insert into BO.MEMBRES (PRENOM,NOM,GENRE,DATE_NAISSANCE,COURRIEL,ADRESSE_LIGNE1,ADRESSE_LIGNE2,VILLE,PROVINCE,CODE_POSTAL,PAYS,TELEPHONE,DATE_DEBUT_MEMBRE,STATUT_MEMBRE,THEME_PREFERE) values ('Taryn','Tancock','F',to_date('1978-06-25','YYYY-MM-DD'),'ttancockz@usa.gov','49 Fisk Parkway','20th Floor','Waterloo','Québec','V9J','Canada','121-331-5880',to_date('2020-10-11','YYYY-MM-DD'),'expiré','Non-fiction');
Insert into BO.MEMBRES (PRENOM,NOM,GENRE,DATE_NAISSANCE,COURRIEL,ADRESSE_LIGNE1,ADRESSE_LIGNE2,VILLE,PROVINCE,CODE_POSTAL,PAYS,TELEPHONE,DATE_DEBUT_MEMBRE,STATUT_MEMBRE,THEME_PREFERE) values ('Shelby','Dyzart','M',to_date('1992-02-08','YYYY-MM-DD'),'sdyzart10@adobe.com','5408 Northland Street','14th Floor','Repentigny','Québec','J6V','Canada','285-711-2695',to_date('2021-04-15','YYYY-MM-DD'),'expiré','Non-fiction');
Insert into BO.MEMBRES (PRENOM,NOM,GENRE,DATE_NAISSANCE,COURRIEL,ADRESSE_LIGNE1,ADRESSE_LIGNE2,VILLE,PROVINCE,CODE_POSTAL,PAYS,TELEPHONE,DATE_DEBUT_MEMBRE,STATUT_MEMBRE,THEME_PREFERE) values ('Andonis','Zuppa','M',to_date('1978-11-13','YYYY-MM-DD'),'azuppa11@nbcnews.com','6 Butterfield Trail','Suite 12','Sparwood','British Columbia','M2J','Canada','600-122-1968',to_date('2021-11-10','YYYY-MM-DD'),'expiré','Mystère');
Insert into BO.MEMBRES (PRENOM,NOM,GENRE,DATE_NAISSANCE,COURRIEL,ADRESSE_LIGNE1,ADRESSE_LIGNE2,VILLE,PROVINCE,CODE_POSTAL,PAYS,TELEPHONE,DATE_DEBUT_MEMBRE,STATUT_MEMBRE,THEME_PREFERE) values ('Alfredo','Pinar','M',to_date('1930-11-06','YYYY-MM-DD'),'apinar12@nsw.gov.au','46885 Vera Terrace','Suite 43','Houston','Texas','77260','États-Unis','713-259-5721',to_date('2022-10-17','YYYY-MM-DD'),'suspendu','Fiction');
Insert into BO.MEMBRES (PRENOM,NOM,GENRE,DATE_NAISSANCE,COURRIEL,ADRESSE_LIGNE1,ADRESSE_LIGNE2,VILLE,PROVINCE,CODE_POSTAL,PAYS,TELEPHONE,DATE_DEBUT_MEMBRE,STATUT_MEMBRE,THEME_PREFERE) values ('Tamiko','Etienne','F',to_date('1956-11-15','YYYY-MM-DD'),'tetienne13@cam.ac.uk','09528 Cambridge Junction','20th Floor','Portland','Oregon','97211','États-Unis','208-367-6728',to_date('2022-01-28','YYYY-MM-DD'),'suspendu','Fiction');
Insert into BO.MEMBRES (PRENOM,NOM,GENRE,DATE_NAISSANCE,COURRIEL,ADRESSE_LIGNE1,ADRESSE_LIGNE2,VILLE,PROVINCE,CODE_POSTAL,PAYS,TELEPHONE,DATE_DEBUT_MEMBRE,STATUT_MEMBRE,THEME_PREFERE) values ('Jilly','Accomb','F',to_date('1993-11-13','YYYY-MM-DD'),'jaccomb14@nsw.gov.au','2426 Kipling Parkway','13th Floor','Vancouver','Washington','98687','États-Unis','360-637-0001',to_date('2021-08-07','YYYY-MM-DD'),'actif','Fiction');
Insert into BO.MEMBRES (PRENOM,NOM,GENRE,DATE_NAISSANCE,COURRIEL,ADRESSE_LIGNE1,ADRESSE_LIGNE2,VILLE,PROVINCE,CODE_POSTAL,PAYS,TELEPHONE,DATE_DEBUT_MEMBRE,STATUT_MEMBRE,THEME_PREFERE) values ('Cass','Wennington','M',to_date('1986-01-21','YYYY-MM-DD'),'cwennington15@slashdot.org','71264 Pierstorff Place','PO Box 11838','Newark','Delaware','19725','États-Unis','302-518-6219',to_date('2020-10-20','YYYY-MM-DD'),'expiré','Mystère');
Insert into BO.MEMBRES (PRENOM,NOM,GENRE,DATE_NAISSANCE,COURRIEL,ADRESSE_LIGNE1,ADRESSE_LIGNE2,VILLE,PROVINCE,CODE_POSTAL,PAYS,TELEPHONE,DATE_DEBUT_MEMBRE,STATUT_MEMBRE,THEME_PREFERE) values ('Laney','Cleef','F',to_date('1998-05-18','YYYY-MM-DD'),'lcleef16@marriott.com','3 Dryden Junction','PO Box 68942','Melfort','Saskatchewan','B3H','Canada','658-246-6551',to_date('2021-01-14','YYYY-MM-DD'),'suspendu','Non-fiction');
Insert into BO.MEMBRES (PRENOM,NOM,GENRE,DATE_NAISSANCE,COURRIEL,ADRESSE_LIGNE1,ADRESSE_LIGNE2,VILLE,PROVINCE,CODE_POSTAL,PAYS,TELEPHONE,DATE_DEBUT_MEMBRE,STATUT_MEMBRE,THEME_PREFERE) values ('Kathy','Castellucci','F',to_date('1979-09-11','YYYY-MM-DD'),'kcastellucci17@wikimedia.org','1 Center Street','PO Box 7593','Seattle','Washington','98175','États-Unis','206-602-8000',to_date('2021-12-06','YYYY-MM-DD'),'expiré','Mystère');
Insert into BO.MEMBRES (PRENOM,NOM,GENRE,DATE_NAISSANCE,COURRIEL,ADRESSE_LIGNE1,ADRESSE_LIGNE2,VILLE,PROVINCE,CODE_POSTAL,PAYS,TELEPHONE,DATE_DEBUT_MEMBRE,STATUT_MEMBRE,THEME_PREFERE) values ('Pascale','Devonald','M',to_date('1991-05-09','YYYY-MM-DD'),'pdevonald18@house.gov','8 Oriole Alley','Apt 181','Bradenton','Florida','34282','États-Unis','941-755-8967',to_date('2020-08-08','YYYY-MM-DD'),'actif','Mystère');
Insert into BO.MEMBRES (PRENOM,NOM,GENRE,DATE_NAISSANCE,COURRIEL,ADRESSE_LIGNE1,ADRESSE_LIGNE2,VILLE,PROVINCE,CODE_POSTAL,PAYS,TELEPHONE,DATE_DEBUT_MEMBRE,STATUT_MEMBRE,THEME_PREFERE) values ('Julianne','Fist','F',to_date('1965-12-17','YYYY-MM-DD'),'jfist19@telegraph.co.uk','58 Chinook Lane','18th Floor','Santa Rosa','California','95405','États-Unis','707-669-7357',to_date('2020-12-23','YYYY-MM-DD'),'suspendu','Fiction');
Insert into BO.MEMBRES (PRENOM,NOM,GENRE,DATE_NAISSANCE,COURRIEL,ADRESSE_LIGNE1,ADRESSE_LIGNE2,VILLE,PROVINCE,CODE_POSTAL,PAYS,TELEPHONE,DATE_DEBUT_MEMBRE,STATUT_MEMBRE,THEME_PREFERE) values ('Burr','Busk','M',to_date('1999-01-16','YYYY-MM-DD'),'bbusk1a@redcross.org','81016 Ronald Regan Alley','11th Floor','Tulsa','Oklahoma','74103','États-Unis','918-959-3114',to_date('2020-04-10','YYYY-MM-DD'),'suspendu','Fiction');
Insert into BO.MEMBRES (PRENOM,NOM,GENRE,DATE_NAISSANCE,COURRIEL,ADRESSE_LIGNE1,ADRESSE_LIGNE2,VILLE,PROVINCE,CODE_POSTAL,PAYS,TELEPHONE,DATE_DEBUT_MEMBRE,STATUT_MEMBRE,THEME_PREFERE) values ('Aldus','Kinman','M',to_date('1946-04-11','YYYY-MM-DD'),'akinman1b@buzzfeed.com','768 Melody Plaza','15th Floor','Waterloo','Québec','V9J','Canada','315-402-4978',to_date('2021-06-30','YYYY-MM-DD'),'suspendu','Fiction');
Insert into BO.MEMBRES (PRENOM,NOM,GENRE,DATE_NAISSANCE,COURRIEL,ADRESSE_LIGNE1,ADRESSE_LIGNE2,VILLE,PROVINCE,CODE_POSTAL,PAYS,TELEPHONE,DATE_DEBUT_MEMBRE,STATUT_MEMBRE,THEME_PREFERE) values ('Bevan','McLleese','M',to_date('1943-12-03','YYYY-MM-DD'),'bmclleese1c@myspace.com','76 Lake View Drive','Room 202','Lac-Brome','Québec','L9G','Canada','169-574-5846',to_date('2020-10-20','YYYY-MM-DD'),'expiré','Fiction');
Insert into BO.MEMBRES (PRENOM,NOM,GENRE,DATE_NAISSANCE,COURRIEL,ADRESSE_LIGNE1,ADRESSE_LIGNE2,VILLE,PROVINCE,CODE_POSTAL,PAYS,TELEPHONE,DATE_DEBUT_MEMBRE,STATUT_MEMBRE,THEME_PREFERE) values ('Allyn','Kester','M',to_date('1924-07-19','YYYY-MM-DD'),'akester1d@desdev.cn','3798 Ohio Trail','Suite 33','Gananoque','Ontario','K7G','Canada','561-611-6616',to_date('2022-01-12','YYYY-MM-DD'),'expiré','Mystère');

--SECTIONS
PROMPT Insertion des sections
insert into bo.Sections (id, nom, description) VALUES (000, 'Périodiques', 'Revues et publications périodiques');
insert into bo.Sections (id, nom, description) VALUES (100, 'Philosophie et psychologie', 'Livres sur la philosophie et la psychologie');
insert into bo.Sections (id, nom, description) VALUES (110, 'Métaphysique', 'Livres sur la métaphysique et la nature de la réalité');
insert into bo.Sections (id, nom, description) VALUES (120, 'épistémologie', 'Livres sur la connaissance et la théorie de la connaissance');
insert into bo.Sections (id, nom, description) VALUES (200, 'Religion', 'Livres sur la religion et la spiritualité');
insert into bo.Sections (id, nom, description) VALUES (210, 'Philosophie de la religion', 'Livres sur la philosophie de la religion');
insert into bo.Sections (id, nom, description) VALUES (300, 'Sciences sociales', 'Livres sur les sciences sociales et les sociétés humaines');
insert into bo.Sections (id, nom, description) VALUES (310, 'Statistiques', 'Livres sur les méthodes statistiques et la collecte de données');
insert into bo.Sections (id, nom, description) VALUES (400, 'Langues', 'Livres sur les langues et la linguistique');
insert into bo.Sections (id, nom, description) VALUES (410, 'Linguistique historique', 'Livres sur l''évolution historique des langues');
insert into bo.Sections (id, nom, description) VALUES (500, 'Sciences naturelles et mathématiques', 'Livres sur les sciences naturelles et les mathématiques');
insert into bo.Sections (id, nom, description) VALUES (510, 'Mathématiques', 'Livres sur les mathématiques et les différentes branches mathématiques');
insert into bo.Sections (id, nom, description) VALUES (600, 'Technologie et sciences appliquées', 'Livres sur la technologie et les sciences appliquées');
insert into bo.Sections (id, nom, description) VALUES (610, 'Médecine', 'Livres sur la médecine et les soins de santé');
insert into bo.Sections (id, nom, description) VALUES (700, 'Arts et loisirs', 'Livres sur les arts, l''artisanat et les loisirs');
insert into bo.Sections (id, nom, description) VALUES (710, 'Beaux-arts', 'Livres sur les arts visuels et la création artistique');
insert into bo.Sections (id, nom, description) VALUES (800, 'Littérature', 'Livres sur la littérature et les éuvres littéraires');
insert into bo.Sections (id, nom, description) VALUES (810, 'Littérature américaine', 'Livres sur la littérature américaine');
insert into bo.Sections (id, nom, description) VALUES (900, 'Histoire et géographie', 'Livres sur l''histoire et la géographie');
insert into bo.Sections (id, nom, description) VALUES (910, 'Géographie et voyages', 'Livres sur la géographie et les voyages');

--GENRES
PROMPT Insertion des genres de livres
insert into bo.GENRES (NOM_GENRE) values ('Roman');
insert into bo.GENRES (NOM_GENRE) values ('Conte');
insert into bo.GENRES (NOM_GENRE) values ('Philosophie');
insert into bo.GENRES (NOM_GENRE) values ('Psychologie');
insert into bo.GENRES (NOM_GENRE) values ('Art');
insert into bo.GENRES (NOM_GENRE) values ('Poésie');
insert into bo.GENRES (NOM_GENRE) values ('Économie');
insert into bo.GENRES (NOM_GENRE) values ('Nouvelle');
insert into bo.GENRES (NOM_GENRE) values ('Science-fiction');
insert into bo.GENRES (NOM_GENRE) values ('Sciences naturelles');
insert into bo.GENRES (NOM_GENRE) values ('Fantasy');
insert into bo.GENRES (NOM_GENRE) values ('Référence');
insert into bo.GENRES (NOM_GENRE) values ('Bande dessinnée');
insert into bo.GENRES (NOM_GENRE) values ('Science cognitive');
insert into bo.GENRES (NOM_GENRE) values ('Dictionnaire');
insert into bo.GENRES (NOM_GENRE) values ('Religion');

--AUTEURS
PROMPT Insertion des auteurs
insert into bo.Auteurs (nom_auteur) VALUES ('Albert Camus');
insert into bo.Auteurs (nom_auteur) VALUES ('Antoine de Saint-Exupéry');
insert into bo.Auteurs (nom_auteur) VALUES ('John Doe');
insert into bo.Auteurs (nom_auteur) VALUES ('Jane Smith');
insert into bo.Auteurs (nom_auteur) VALUES ('Jean-Paul Sartre');
insert into bo.Auteurs (nom_auteur) VALUES ('Charles Baudelaire');
insert into bo.Auteurs (nom_auteur) VALUES ('Thomas Piketty');
insert into bo.Auteurs (nom_auteur) VALUES ('Victor Hugo');
insert into bo.Auteurs (nom_auteur) VALUES ('Stefan Zweig');
insert into bo.Auteurs (nom_auteur) VALUES ('Platon');
insert into bo.Auteurs (nom_auteur) VALUES ('Douglas Adams');
insert into bo.Auteurs (nom_auteur) VALUES ('Charles Darwin');
insert into bo.Auteurs (nom_auteur) VALUES ('J.R.R. Tolkien');
insert into bo.Auteurs (nom_auteur) VALUES ('Simone de Beauvoir');
insert into bo.Auteurs (nom_auteur) VALUES ('Bernard Werber');
insert into bo.Auteurs (nom_auteur) VALUES ('Patrick Séskind');
insert into bo.Auteurs (nom_auteur) VALUES ('Hergé');
insert into bo.Auteurs (nom_auteur) VALUES ('Martin Heidegger');
insert into bo.Auteurs (nom_auteur) VALUES ('Arthur Schopenhauer');
insert into bo.Auteurs (nom_auteur) VALUES ('Immanuel Kant');
insert into bo.Auteurs (nom_auteur) VALUES ('John Searle');
insert into bo.Auteurs (nom_auteur) VALUES ('étienne Gilson');
insert into bo.Auteurs (nom_auteur) VALUES ('Marcel Jousse');
insert into bo.Auteurs (nom_auteur) VALUES ('John Steinbeck');
insert into bo.Auteurs (nom_auteur) VALUES ('Harper Lee');

--LIVRES
PROMPT Insertion des livres
insert into bo.livres ( sections_id, auteurs_id, genres_id, isbn, titre, maison_edition, annee_publication, langage, prix) values ( 200, 22, 15, '9789375522032', 'Un Voyage Inattendu', 'Quinu', 1935, 'Dari', 369.91);
insert into bo.livres ( sections_id, auteurs_id, genres_id, isbn, titre, maison_edition, annee_publication, langage, prix) values ( 310, 2, 10, '9787027627370', 'Le Secret Oublié', 'Centidel', 1968, 'Catalan', 156.13);
insert into bo.livres ( sections_id, auteurs_id, genres_id, isbn, titre, maison_edition, annee_publication, langage, prix) values ( 410, 6, 3, '9788579275121', 'Au-delé des étoiles', 'Lazz', 1939, 'Aymara', 446.73);
insert into bo.livres ( sections_id, auteurs_id, genres_id, isbn, titre, maison_edition, annee_publication, langage, prix) values ( 710, 4, 9, '9788150506128', 'La Quéte Interdite', 'Photospace', 1977, 'Greek', 444.49);
insert into bo.livres ( sections_id, auteurs_id, genres_id, isbn, titre, maison_edition, annee_publication, langage, prix) values ( 410, 14, 5, '9781481637211', 'Le Mystère Envolé', 'Trudoo', 2010, 'Ndebele', 242.9);
insert into bo.livres ( sections_id, auteurs_id, genres_id, isbn, titre, maison_edition, annee_publication, langage, prix) values ( 110, 10, 8, '9781264962681', 'Les échos Silencieux', 'Lazzy', 1919, 'Estonian', 328.33);
insert into bo.livres ( sections_id, auteurs_id, genres_id, isbn, titre, maison_edition, annee_publication, langage, prix) values ( 700, 9, 9, '9788779923887', 'Les Cavaliers Dorés', 'Riffpath', 1981, 'Montenegrin', 387.77);
insert into bo.livres ( sections_id, auteurs_id, genres_id, isbn, titre, maison_edition, annee_publication, langage, prix) values ( 510, 6, 15, '9783989169157', 'L''Art du Voyage', 'Dynabox', 1979, 'Swahili', 285.01);
insert into bo.livres ( sections_id, auteurs_id, genres_id, isbn, titre, maison_edition, annee_publication, langage, prix) values ( 810, 9, 7, '9789409676460', 'Le Destin égaré', 'Leexo', 1942, 'Montenegrin', 124.39);
insert into bo.livres ( sections_id, auteurs_id, genres_id, isbn, titre, maison_edition, annee_publication, langage, prix) values ( 410, 1, 10, '9780554033445', 'La Chanson Perdue', 'Layo', 1912, 'Swahili', 382.65);
insert into bo.livres ( sections_id, auteurs_id, genres_id, isbn, titre, maison_edition, annee_publication, langage, prix) values ( 100, 16, 3, '9782406134075', 'Le Voile du Passé', 'Kaymbo', 2001, 'Tetum', 263.44);
insert into bo.livres ( sections_id, auteurs_id, genres_id, isbn, titre, maison_edition, annee_publication, langage, prix) values ( 510, 23, 8, '9783028307642', 'Le Réveil du Tigre', 'Brainverse', 1981, 'Thai', 440.0);
insert into bo.livres ( sections_id, auteurs_id, genres_id, isbn, titre, maison_edition, annee_publication, langage, prix) values ( 510, 10, 4, '9780249819872', 'Les Secrets de l''Océan', 'Meevee', 1927, 'Bislama', 49.24);
insert into bo.livres ( sections_id, auteurs_id, genres_id, isbn, titre, maison_edition, annee_publication, langage, prix) values ( 600, 16, 5, '9782957103672', 'L''énigme du Crépuscule', 'Roodel', 1960, 'Croatian', 87.88);
insert into bo.livres ( sections_id, auteurs_id, genres_id, isbn, titre, maison_edition, annee_publication, langage, prix) values ( 100, 22, 12, '9780364611766', 'L''Héritage de Minuit', 'Camido', 1959, 'Armenian', 34.05);
insert into bo.livres ( sections_id, auteurs_id, genres_id, isbn, titre, maison_edition, annee_publication, langage, prix) values ( 410, 7, 9, '9787638191978', 'Les Voix de l''Ombre', 'Reallinks', 2020, 'Hindi', 323.77);
insert into bo.livres ( sections_id, auteurs_id, genres_id, isbn, titre, maison_edition, annee_publication, langage, prix) values ( 410, 9, 1, '9786863358999', 'L''évasion éternelle', 'Mynte', 1977, 'Lao', 272.18);
insert into bo.livres ( sections_id, auteurs_id, genres_id, isbn, titre, maison_edition, annee_publication, langage, prix) values ( 110, 17, 2, '9788949788950', 'Le Voyageur Solitaire', 'Einti', 1949, 'German', 415.19);
insert into bo.livres ( sections_id, auteurs_id, genres_id, isbn, titre, maison_edition, annee_publication, langage, prix) values ( 100, 18, 9, '9789734991817', 'L''énigme du Lotus', 'Feedfire', 1944, 'Tsonga', 472.47);
insert into bo.livres ( sections_id, auteurs_id, genres_id, isbn, titre, maison_edition, annee_publication, langage, prix) values ( 400, 7, 4, '9782071214374', 'Les Ombres du Crépuscule', 'Edgepulse', 1982, 'Zulu', 92.92);
insert into bo.livres ( sections_id, auteurs_id, genres_id, isbn, titre, maison_edition, annee_publication, langage, prix) values ( 300, 23, 9, '9781427833648', 'Les Chemins de l''Aube', 'Kanoodle', 1935, 'Polish', 18.17);
insert into bo.livres ( sections_id, auteurs_id, genres_id, isbn, titre, maison_edition, annee_publication, langage, prix) values ( 410, 6, 10, '9784831809039', 'Le Voile du Passé', 'Fivespan', 2020, 'West Frisian', 383.69);
insert into bo.livres ( sections_id, auteurs_id, genres_id, isbn, titre, maison_edition, annee_publication, langage, prix) values ( 120, 20, 10, '9782237247962', 'L''Héritage Oublié', 'Devcast', 1981, 'Gagauz', 378.77);
insert into bo.livres ( sections_id, auteurs_id, genres_id, isbn, titre, maison_edition, annee_publication, langage, prix) values ( 900, 19, 6, '9788305230503', 'Le Monde Englouti', 'Kanoodle', 1934, 'Portuguese', 41.51);
insert into bo.livres ( sections_id, auteurs_id, genres_id, isbn, titre, maison_edition, annee_publication, langage, prix) values ( 300, 2, 6, '9781573914606', 'Le Médaillon d''Or', 'Realblab', 1938, 'Dari', 285.43);
insert into bo.livres ( sections_id, auteurs_id, genres_id, isbn, titre, maison_edition, annee_publication, langage, prix) values ( 810, 11, 15, '9783424059951', 'Le Crépuscule des Dieux', 'Tavu', 1942, 'Chinese', 485.53);
insert into bo.livres ( sections_id, auteurs_id, genres_id, isbn, titre, maison_edition, annee_publication, langage, prix) values ( 610, 21, 10, '9784911188332', 'Le Secret du Lotus', 'Podcat', 1983, 'Nepali', 125.49);
insert into bo.livres ( sections_id, auteurs_id, genres_id, isbn, titre, maison_edition, annee_publication, langage, prix) values ( 410, 25, 14, '9788760243856', 'Le Masque de l''Aube', 'Snaptags', 1988, 'Burmese', 356.78);
insert into bo.livres ( sections_id, auteurs_id, genres_id, isbn, titre, maison_edition, annee_publication, langage, prix) values ( 200, 8, 2, '9789917546634', 'Le Destin du Tigre', 'Mymm', 1973, 'Lao', 75.39);
insert into bo.livres ( sections_id, auteurs_id, genres_id, isbn, titre, maison_edition, annee_publication, langage, prix) values ( 910, 20, 6, '9780774540184', 'Le Crépuscule du Lotus', 'Livetube', 1971, 'Portuguese', 227.88);
insert into bo.livres ( sections_id, auteurs_id, genres_id, isbn, titre, maison_edition, annee_publication, langage, prix) values ( 800, 1, 1, '9782070360024', 'L''étranger', 'éditions du Monde', 1942, 'français', 30.50);
insert into bo.livres ( sections_id, auteurs_id, genres_id, isbn, titre, maison_edition, annee_publication, langage, prix) values ( 800, 2, 2, '9782070612758', 'Le Petit Prince', 'éditions Ciel étoilé', 1943, 'français', 20.75);
insert into bo.livres ( sections_id, auteurs_id, genres_id, isbn, titre, maison_edition, annee_publication, langage, prix) values ( 100, 3, 4, '9781234567890', 'Introduction é la psychologie', 'Maison des Savoirs', 2010, 'français', 45.90);
insert into bo.livres ( sections_id, auteurs_id, genres_id, isbn, titre, maison_edition, annee_publication, langage, prix) values ( 700, 4, 5, '9780123456789', 'Histoire de l''Art', 'ArtVision éditions', 2005, 'français', 55.20);
insert into bo.livres ( sections_id, auteurs_id, genres_id, isbn, titre, maison_edition, annee_publication, langage, prix) values ( 100, 5, 1, '9782070360024', 'La Nausée', 'éditions Existence', 1938, 'français', 40.00);
insert into bo.livres ( sections_id, auteurs_id, genres_id, isbn, titre, maison_edition, annee_publication, langage, prix) values ( 800, 6, 6, '9781234567891', 'Les Fleurs du mal', 'Poésie Infinie éditeurs', 1857, 'français', 60.25);
insert into bo.livres ( sections_id, auteurs_id, genres_id, isbn, titre, maison_edition, annee_publication, langage, prix) values ( 100, 1, 3, '9782070612759', 'Le Mythe de Sisyphe', 'Philosophia éditions', 1942, 'français', 15.80);
insert into bo.livres ( sections_id, auteurs_id, genres_id, isbn, titre, maison_edition, annee_publication, langage, prix) values ( 300, 7, 7, '9780123456788', 'Le Capital au XXIe siécle', 'économie Nouvelle', 2013, 'français', 25.40);
insert into bo.livres ( sections_id, auteurs_id, genres_id, isbn, titre, maison_edition, annee_publication, langage, prix) values ( 800, 8, 1, '9782070360025', 'Les Misérables', 'Réve d''Ailleurs éditions', 1862, 'français', 50.10);
insert into bo.livres ( sections_id, auteurs_id, genres_id, isbn, titre, maison_edition, annee_publication, langage, prix) values ( 800, 9, 8, '9782070360026', 'Le Joueur d''échecs', 'Stratégies Ludiques', 1941, 'français', 35.70);
insert into bo.livres ( sections_id, auteurs_id, genres_id, isbn, titre, maison_edition, annee_publication, langage, prix) values ( 100, 10, 3, '9782070360027', 'La République', 'Politika Press', 380, 'français', 50.00);
insert into bo.livres ( sections_id, auteurs_id, genres_id, isbn, titre, maison_edition, annee_publication, langage, prix) values ( 800, 11, 9, '9782070360028', 'Le Guide du voyageur galactique', 'Cosmic Travel éditions', 1979, 'français', 30.30);
insert into bo.livres ( sections_id, auteurs_id, genres_id, isbn, titre, maison_edition, annee_publication, langage, prix) values ( 500, 12, 10, '9782070360029', 'L''Origine des espéces', 'évolution Scientifique', 1859, 'français', 40.90);
insert into bo.livres ( sections_id, auteurs_id, genres_id, isbn, titre, maison_edition, annee_publication, langage, prix) values ( 800, 13, 11, '9782070360030', 'Le Seigneur des anneaux', 'épopée Fantastique', 1954, 'français', 55.70);
insert into bo.livres ( sections_id, auteurs_id, genres_id, isbn, titre, maison_edition, annee_publication, langage, prix) values ( 100, 14, 3, '9782070360031', 'Le Deuxiéme Sexe', 'Féminisme éclairé', 1949, 'français', 30.20);
insert into bo.livres ( sections_id, auteurs_id, genres_id, isbn, titre, maison_edition, annee_publication, langage, prix) values ( 800, 15, 9, '9782070360032', 'Les Fourmis', 'Nature Infinie éditeurs', 1991, 'français', 45.80);
insert into bo.livres ( sections_id, auteurs_id, genres_id, isbn, titre, maison_edition, annee_publication, langage, prix) values ( 400, 15, 12, '9782070360033', 'Le Petit Robert', 'Lexicon Universel', 1967, 'français', 20.40);
insert into bo.livres ( sections_id, auteurs_id, genres_id, isbn, titre, maison_edition, annee_publication, langage, prix) values ( 800, 16, 1, '9782070360034', 'Le Parfum', 'Parfums d''écriture', 1985, 'français', 50.60);
insert into bo.livres ( sections_id, auteurs_id, genres_id, isbn, titre, maison_edition, annee_publication, langage, prix) values ( 800, 17, 13, '9782070360035', 'Les Aventures de Tintin', 'Mondes Imaginaires', 1929, 'français', 30.75);
insert into bo.livres ( sections_id, auteurs_id, genres_id, isbn, titre, maison_edition, annee_publication, langage, prix) values ( 110, 18, 3, '9782070360036', 'étre et Temps', 'Philosophia Profonde', 1927, 'français', 40.95);
insert into bo.livres ( sections_id, auteurs_id, genres_id, isbn, titre, maison_edition, annee_publication, langage, prix) values ( 110, 19, 3, '9782070360037', 'Le Monde comme volonté et comme représentation', 'Pensées éternelles', 1818, 'français', 25.30);
insert into bo.livres ( sections_id, auteurs_id, genres_id, isbn, titre, maison_edition, annee_publication, langage, prix) values ( 120, 20, 3, '9782070360038', 'Critique de la Raison pure', 'Raisonnement Clair', 1781, 'français', 35.50);
insert into bo.livres ( sections_id, auteurs_id, genres_id, isbn, titre, maison_edition, annee_publication, langage, prix) values ( 120, 21, 14, '9782070360039', 'Le Cerveau et la Pensée', 'Neurologie Avancée', 2004, 'français', 40.80);
insert into bo.livres ( sections_id, auteurs_id, genres_id, isbn, titre, maison_edition, annee_publication, langage, prix) values ( 210, 22, 3, '9782070360040', 'Dieu et la philosophie', 'Métaphysique Spirituelle', 1952, 'français', 50.40);
insert into bo.livres ( sections_id, auteurs_id, genres_id, isbn, titre, maison_edition, annee_publication, langage, prix) values ( 210, 23, 16, '9782070360041', 'Le Dieu caché', 'Mystères Divins', 1951, 'français', 60.10);
insert into bo.livres ( sections_id, auteurs_id, genres_id, isbn, titre, maison_edition, annee_publication, langage, prix) values ( 810, 24, 1, '9782070360042', 'Les Raisins de la colére', 'Révolte éditeurs', 1939, 'français', 30.70);
insert into bo.livres ( sections_id, auteurs_id, genres_id, isbn, titre, maison_edition, annee_publication, langage, prix) values ( 810, 25, 1, '9782070360043', 'Ne tirez pas sur l''oiseau moqueur', 'Observations Littéraires', 1960, 'français', 40.20);

--EMPRUNTS
PROMPT Insertion des emprunts
Insert into BO.EMPRUNTS (LIVRES_ID,MEMBRES_ID,DATE_EMPRUNT,DATE_RETOUR) values ('24','6',to_date('2022-08-01','YYYY-MM-DD'),to_date('2022-09-08','YYYY-MM-DD'));
Insert into BO.EMPRUNTS (LIVRES_ID,MEMBRES_ID,DATE_EMPRUNT,DATE_RETOUR) values ('20','37',to_date('2021-12-14','YYYY-MM-DD'),to_date('2022-01-27','YYYY-MM-DD'));
Insert into BO.EMPRUNTS (LIVRES_ID,MEMBRES_ID,DATE_EMPRUNT,DATE_RETOUR) values ('28','46',to_date('2023-03-25','YYYY-MM-DD'),null);
Insert into BO.EMPRUNTS (LIVRES_ID,MEMBRES_ID,DATE_EMPRUNT,DATE_RETOUR) values ('54','4',to_date('2022-12-06','YYYY-MM-DD'),null);
Insert into BO.EMPRUNTS (LIVRES_ID,MEMBRES_ID,DATE_EMPRUNT,DATE_RETOUR) values ('43','23',to_date('2022-03-28','YYYY-MM-DD'),to_date('2022-05-21','YYYY-MM-DD'));
Insert into BO.EMPRUNTS (LIVRES_ID,MEMBRES_ID,DATE_EMPRUNT,DATE_RETOUR) values ('16','26',to_date('2022-07-04','YYYY-MM-DD'),to_date('2022-07-15','YYYY-MM-DD'));
Insert into BO.EMPRUNTS (LIVRES_ID,MEMBRES_ID,DATE_EMPRUNT,DATE_RETOUR) values ('32','36',to_date('2022-09-27','YYYY-MM-DD'),to_date('2022-10-30','YYYY-MM-DD'));
Insert into BO.EMPRUNTS (LIVRES_ID,MEMBRES_ID,DATE_EMPRUNT,DATE_RETOUR) values ('42','23',to_date('2023-01-04','YYYY-MM-DD'),to_date('2023-01-23','YYYY-MM-DD'));
Insert into BO.EMPRUNTS (LIVRES_ID,MEMBRES_ID,DATE_EMPRUNT,DATE_RETOUR) values ('36','38',to_date('2021-07-06','YYYY-MM-DD'),to_date('2021-08-20','YYYY-MM-DD'));
Insert into BO.EMPRUNTS (LIVRES_ID,MEMBRES_ID,DATE_EMPRUNT,DATE_RETOUR) values ('30','39',to_date('2022-07-28','YYYY-MM-DD'),to_date('2022-09-13','YYYY-MM-DD'));
Insert into BO.EMPRUNTS (LIVRES_ID,MEMBRES_ID,DATE_EMPRUNT,DATE_RETOUR) values ('34','16',to_date('2022-04-12','YYYY-MM-DD'),to_date('2022-06-30','YYYY-MM-DD'));
Insert into BO.EMPRUNTS (LIVRES_ID,MEMBRES_ID,DATE_EMPRUNT,DATE_RETOUR) values ('10','47',to_date('2021-06-23','YYYY-MM-DD'),to_date('2021-07-29','YYYY-MM-DD'));
Insert into BO.EMPRUNTS (LIVRES_ID,MEMBRES_ID,DATE_EMPRUNT,DATE_RETOUR) values ('38','41',to_date('2021-09-15','YYYY-MM-DD'),to_date('2021-12-01','YYYY-MM-DD'));
Insert into BO.EMPRUNTS (LIVRES_ID,MEMBRES_ID,DATE_EMPRUNT,DATE_RETOUR) values ('5','39',to_date('2021-06-07','YYYY-MM-DD'),to_date('2021-07-05','YYYY-MM-DD'));
Insert into BO.EMPRUNTS (LIVRES_ID,MEMBRES_ID,DATE_EMPRUNT,DATE_RETOUR) values ('54','24',to_date('2020-09-13','YYYY-MM-DD'),null);
Insert into BO.EMPRUNTS (LIVRES_ID,MEMBRES_ID,DATE_EMPRUNT,DATE_RETOUR) values ('27','43',to_date('2021-05-15','YYYY-MM-DD'),to_date('2021-06-14','YYYY-MM-DD'));
Insert into BO.EMPRUNTS (LIVRES_ID,MEMBRES_ID,DATE_EMPRUNT,DATE_RETOUR) values ('24','43',to_date('2021-06-29','YYYY-MM-DD'),to_date('2021-09-09','YYYY-MM-DD'));
Insert into BO.EMPRUNTS (LIVRES_ID,MEMBRES_ID,DATE_EMPRUNT,DATE_RETOUR) values ('23','5',to_date('2022-08-23','YYYY-MM-DD'),to_date('2022-11-11','YYYY-MM-DD'));
Insert into BO.EMPRUNTS (LIVRES_ID,MEMBRES_ID,DATE_EMPRUNT,DATE_RETOUR) values ('22','39',to_date('2022-02-08','YYYY-MM-DD'),to_date('2022-04-14','YYYY-MM-DD'));
Insert into BO.EMPRUNTS (LIVRES_ID,MEMBRES_ID,DATE_EMPRUNT,DATE_RETOUR) values ('50','46',to_date('2021-09-06','YYYY-MM-DD'),to_date('2021-11-14','YYYY-MM-DD'));
Insert into BO.EMPRUNTS (LIVRES_ID,MEMBRES_ID,DATE_EMPRUNT,DATE_RETOUR) values ('31','21',to_date('2023-02-14','YYYY-MM-DD'),to_date('2023-04-03','YYYY-MM-DD'));
Insert into BO.EMPRUNTS (LIVRES_ID,MEMBRES_ID,DATE_EMPRUNT,DATE_RETOUR) values ('34','43',to_date('2022-11-23','YYYY-MM-DD'),to_date('2023-01-26','YYYY-MM-DD'));
Insert into BO.EMPRUNTS (LIVRES_ID,MEMBRES_ID,DATE_EMPRUNT,DATE_RETOUR) values ('38','12',to_date('2023-02-12','YYYY-MM-DD'),to_date('2023-03-07','YYYY-MM-DD'));
Insert into BO.EMPRUNTS (LIVRES_ID,MEMBRES_ID,DATE_EMPRUNT,DATE_RETOUR) values ('18','16',to_date('2020-11-17','YYYY-MM-DD'),to_date('2021-02-01','YYYY-MM-DD'));
Insert into BO.EMPRUNTS (LIVRES_ID,MEMBRES_ID,DATE_EMPRUNT,DATE_RETOUR) values ('57','25',to_date('2021-12-22','YYYY-MM-DD'),to_date('2022-03-12','YYYY-MM-DD'));
Insert into BO.EMPRUNTS (LIVRES_ID,MEMBRES_ID,DATE_EMPRUNT,DATE_RETOUR) values ('10','24',to_date('2023-06-16','YYYY-MM-DD'),to_date('2023-08-20','YYYY-MM-DD'));
Insert into BO.EMPRUNTS (LIVRES_ID,MEMBRES_ID,DATE_EMPRUNT,DATE_RETOUR) values ('35','11',to_date('2022-03-12','YYYY-MM-DD'),to_date('2022-04-23','YYYY-MM-DD'));
Insert into BO.EMPRUNTS (LIVRES_ID,MEMBRES_ID,DATE_EMPRUNT,DATE_RETOUR) values ('24','43',to_date('2022-04-02','YYYY-MM-DD'),to_date('2022-06-05','YYYY-MM-DD'));
Insert into BO.EMPRUNTS (LIVRES_ID,MEMBRES_ID,DATE_EMPRUNT,DATE_RETOUR) values ('38','46',to_date('2022-05-07','YYYY-MM-DD'),to_date('2022-07-16','YYYY-MM-DD'));
Insert into BO.EMPRUNTS (LIVRES_ID,MEMBRES_ID,DATE_EMPRUNT,DATE_RETOUR) values ('56','23',to_date('2022-07-23','YYYY-MM-DD'),to_date('2022-08-20','YYYY-MM-DD'));
Insert into BO.EMPRUNTS (LIVRES_ID,MEMBRES_ID,DATE_EMPRUNT,DATE_RETOUR) values ('4','34',to_date('2023-03-23','YYYY-MM-DD'),to_date('2023-06-08','YYYY-MM-DD'));
Insert into BO.EMPRUNTS (LIVRES_ID,MEMBRES_ID,DATE_EMPRUNT,DATE_RETOUR) values ('44','12',to_date('2021-04-18','YYYY-MM-DD'),to_date('2021-06-20','YYYY-MM-DD'));
Insert into BO.EMPRUNTS (LIVRES_ID,MEMBRES_ID,DATE_EMPRUNT,DATE_RETOUR) values ('16','12',to_date('2022-04-29','YYYY-MM-DD'),null);
Insert into BO.EMPRUNTS (LIVRES_ID,MEMBRES_ID,DATE_EMPRUNT,DATE_RETOUR) values ('33','23',to_date('2022-06-30','YYYY-MM-DD'),to_date('2022-08-22','YYYY-MM-DD'));
Insert into BO.EMPRUNTS (LIVRES_ID,MEMBRES_ID,DATE_EMPRUNT,DATE_RETOUR) values ('33','32',to_date('2023-06-25','YYYY-MM-DD'),null);
Insert into BO.EMPRUNTS (LIVRES_ID,MEMBRES_ID,DATE_EMPRUNT,DATE_RETOUR) values ('9','7',to_date('2023-03-20','YYYY-MM-DD'),to_date('2023-04-10','YYYY-MM-DD'));
Insert into BO.EMPRUNTS (LIVRES_ID,MEMBRES_ID,DATE_EMPRUNT,DATE_RETOUR) values ('33','4',to_date('2021-01-09','YYYY-MM-DD'),to_date('2021-02-08','YYYY-MM-DD'));
Insert into BO.EMPRUNTS (LIVRES_ID,MEMBRES_ID,DATE_EMPRUNT,DATE_RETOUR) values ('40','15',to_date('2023-06-14','YYYY-MM-DD'),to_date('2023-07-21','YYYY-MM-DD'));
Insert into BO.EMPRUNTS (LIVRES_ID,MEMBRES_ID,DATE_EMPRUNT,DATE_RETOUR) values ('7','18',to_date('2023-04-09','YYYY-MM-DD'),null);
Insert into BO.EMPRUNTS (LIVRES_ID,MEMBRES_ID,DATE_EMPRUNT,DATE_RETOUR) values ('16','8',to_date('2022-11-14','YYYY-MM-DD'),to_date('2023-02-01','YYYY-MM-DD'));
Insert into BO.EMPRUNTS (LIVRES_ID,MEMBRES_ID,DATE_EMPRUNT,DATE_RETOUR) values ('14','22',to_date('2021-10-18','YYYY-MM-DD'),to_date('2021-11-20','YYYY-MM-DD'));
Insert into BO.EMPRUNTS (LIVRES_ID,MEMBRES_ID,DATE_EMPRUNT,DATE_RETOUR) values ('49','31',to_date('2022-10-13','YYYY-MM-DD'),to_date('2022-12-06','YYYY-MM-DD'));
Insert into BO.EMPRUNTS (LIVRES_ID,MEMBRES_ID,DATE_EMPRUNT,DATE_RETOUR) values ('12','27',to_date('2023-03-05','YYYY-MM-DD'),to_date('2023-03-23','YYYY-MM-DD'));
Insert into BO.EMPRUNTS (LIVRES_ID,MEMBRES_ID,DATE_EMPRUNT,DATE_RETOUR) values ('8','17',to_date('2021-03-29','YYYY-MM-DD'),to_date('2021-06-04','YYYY-MM-DD'));
Insert into BO.EMPRUNTS (LIVRES_ID,MEMBRES_ID,DATE_EMPRUNT,DATE_RETOUR) values ('9','38',to_date('2021-02-23','YYYY-MM-DD'),to_date('2021-03-23','YYYY-MM-DD'));
Insert into BO.EMPRUNTS (LIVRES_ID,MEMBRES_ID,DATE_EMPRUNT,DATE_RETOUR) values ('56','31',to_date('2022-06-11','YYYY-MM-DD'),null);
Insert into BO.EMPRUNTS (LIVRES_ID,MEMBRES_ID,DATE_EMPRUNT,DATE_RETOUR) values ('20','27',to_date('2022-07-29','YYYY-MM-DD'),to_date('2022-09-01','YYYY-MM-DD'));
Insert into BO.EMPRUNTS (LIVRES_ID,MEMBRES_ID,DATE_EMPRUNT,DATE_RETOUR) values ('8','8',to_date('2022-12-14','YYYY-MM-DD'),to_date('2023-02-06','YYYY-MM-DD'));
Insert into BO.EMPRUNTS (LIVRES_ID,MEMBRES_ID,DATE_EMPRUNT,DATE_RETOUR) values ('49','22',to_date('2021-01-02','YYYY-MM-DD'),null);
Insert into BO.EMPRUNTS (LIVRES_ID,MEMBRES_ID,DATE_EMPRUNT,DATE_RETOUR) values ('42','22',to_date('2021-01-31','YYYY-MM-DD'),to_date('2021-03-06','YYYY-MM-DD'));
Insert into BO.EMPRUNTS (LIVRES_ID,MEMBRES_ID,DATE_EMPRUNT,DATE_RETOUR) values ('27','4',to_date('2020-10-05','YYYY-MM-DD'),to_date('2020-10-28','YYYY-MM-DD'));
Insert into BO.EMPRUNTS (LIVRES_ID,MEMBRES_ID,DATE_EMPRUNT,DATE_RETOUR) values ('15','47',to_date('2022-08-26','YYYY-MM-DD'),to_date('2022-10-21','YYYY-MM-DD'));
Insert into BO.EMPRUNTS (LIVRES_ID,MEMBRES_ID,DATE_EMPRUNT,DATE_RETOUR) values ('3','9',to_date('2021-11-20','YYYY-MM-DD'),to_date('2022-01-11','YYYY-MM-DD'));
Insert into BO.EMPRUNTS (LIVRES_ID,MEMBRES_ID,DATE_EMPRUNT,DATE_RETOUR) values ('17','17',to_date('2022-12-24','YYYY-MM-DD'),to_date('2023-01-06','YYYY-MM-DD'));
Insert into BO.EMPRUNTS (LIVRES_ID,MEMBRES_ID,DATE_EMPRUNT,DATE_RETOUR) values ('3','47',to_date('2021-03-23','YYYY-MM-DD'),to_date('2021-05-02','YYYY-MM-DD'));
Insert into BO.EMPRUNTS (LIVRES_ID,MEMBRES_ID,DATE_EMPRUNT,DATE_RETOUR) values ('36','32',to_date('2023-06-21','YYYY-MM-DD'),null);
Insert into BO.EMPRUNTS (LIVRES_ID,MEMBRES_ID,DATE_EMPRUNT,DATE_RETOUR) values ('15','1',to_date('2022-08-03','YYYY-MM-DD'),null);
Insert into BO.EMPRUNTS (LIVRES_ID,MEMBRES_ID,DATE_EMPRUNT,DATE_RETOUR) values ('1','11',to_date('2021-07-17','YYYY-MM-DD'),null);
Insert into BO.EMPRUNTS (LIVRES_ID,MEMBRES_ID,DATE_EMPRUNT,DATE_RETOUR) values ('44','9',to_date('2021-05-03','YYYY-MM-DD'),to_date('2021-05-29','YYYY-MM-DD'));
Insert into BO.EMPRUNTS (LIVRES_ID,MEMBRES_ID,DATE_EMPRUNT,DATE_RETOUR) values ('38','11',to_date('2020-09-06','YYYY-MM-DD'),to_date('2020-11-25','YYYY-MM-DD'));
Insert into BO.EMPRUNTS (LIVRES_ID,MEMBRES_ID,DATE_EMPRUNT,DATE_RETOUR) values ('48','5',to_date('2023-02-27','YYYY-MM-DD'),to_date('2023-04-05','YYYY-MM-DD'));
Insert into BO.EMPRUNTS (LIVRES_ID,MEMBRES_ID,DATE_EMPRUNT,DATE_RETOUR) values ('34','23',to_date('2021-01-19','YYYY-MM-DD'),null);
Insert into BO.EMPRUNTS (LIVRES_ID,MEMBRES_ID,DATE_EMPRUNT,DATE_RETOUR) values ('1','9',to_date('2023-06-07','YYYY-MM-DD'),null);
Insert into BO.EMPRUNTS (LIVRES_ID,MEMBRES_ID,DATE_EMPRUNT,DATE_RETOUR) values ('27','25',to_date('2021-01-04','YYYY-MM-DD'),null);
Insert into BO.EMPRUNTS (LIVRES_ID,MEMBRES_ID,DATE_EMPRUNT,DATE_RETOUR) values ('19','32',to_date('2021-10-27','YYYY-MM-DD'),to_date('2021-12-21','YYYY-MM-DD'));
Insert into BO.EMPRUNTS (LIVRES_ID,MEMBRES_ID,DATE_EMPRUNT,DATE_RETOUR) values ('19','3',to_date('2021-08-29','YYYY-MM-DD'),to_date('2021-10-30','YYYY-MM-DD'));
Insert into BO.EMPRUNTS (LIVRES_ID,MEMBRES_ID,DATE_EMPRUNT,DATE_RETOUR) values ('33','35',to_date('2020-09-05','YYYY-MM-DD'),to_date('2020-10-23','YYYY-MM-DD'));
Insert into BO.EMPRUNTS (LIVRES_ID,MEMBRES_ID,DATE_EMPRUNT,DATE_RETOUR) values ('46','22',to_date('2021-09-02','YYYY-MM-DD'),to_date('2021-10-15','YYYY-MM-DD'));
Insert into BO.EMPRUNTS (LIVRES_ID,MEMBRES_ID,DATE_EMPRUNT,DATE_RETOUR) values ('22','1',to_date('2023-04-24','YYYY-MM-DD'),to_date('2023-06-07','YYYY-MM-DD'));
Insert into BO.EMPRUNTS (LIVRES_ID,MEMBRES_ID,DATE_EMPRUNT,DATE_RETOUR) values ('35','15',to_date('2021-10-30','YYYY-MM-DD'),null);
Insert into BO.EMPRUNTS (LIVRES_ID,MEMBRES_ID,DATE_EMPRUNT,DATE_RETOUR) values ('12','15',to_date('2023-07-03','YYYY-MM-DD'),to_date('2023-08-06','YYYY-MM-DD'));
Insert into BO.EMPRUNTS (LIVRES_ID,MEMBRES_ID,DATE_EMPRUNT,DATE_RETOUR) values ('14','26',to_date('2021-08-16','YYYY-MM-DD'),null);
Insert into BO.EMPRUNTS (LIVRES_ID,MEMBRES_ID,DATE_EMPRUNT,DATE_RETOUR) values ('28','14',to_date('2022-10-13','YYYY-MM-DD'),to_date('2022-12-17','YYYY-MM-DD'));
Insert into BO.EMPRUNTS (LIVRES_ID,MEMBRES_ID,DATE_EMPRUNT,DATE_RETOUR) values ('12','31',to_date('2021-03-09','YYYY-MM-DD'),to_date('2021-05-05','YYYY-MM-DD'));
Insert into BO.EMPRUNTS (LIVRES_ID,MEMBRES_ID,DATE_EMPRUNT,DATE_RETOUR) values ('37','47',to_date('2022-04-02','YYYY-MM-DD'),to_date('2022-04-13','YYYY-MM-DD'));
Insert into BO.EMPRUNTS (LIVRES_ID,MEMBRES_ID,DATE_EMPRUNT,DATE_RETOUR) values ('1','4',to_date('2021-04-14','YYYY-MM-DD'),to_date('2021-06-01','YYYY-MM-DD'));
Insert into BO.EMPRUNTS (LIVRES_ID,MEMBRES_ID,DATE_EMPRUNT,DATE_RETOUR) values ('52','12',to_date('2021-12-31','YYYY-MM-DD'),to_date('2022-03-21','YYYY-MM-DD'));
Insert into BO.EMPRUNTS (LIVRES_ID,MEMBRES_ID,DATE_EMPRUNT,DATE_RETOUR) values ('53','38',to_date('2023-04-04','YYYY-MM-DD'),to_date('2023-04-23','YYYY-MM-DD'));
Insert into BO.EMPRUNTS (LIVRES_ID,MEMBRES_ID,DATE_EMPRUNT,DATE_RETOUR) values ('22','27',to_date('2020-11-04','YYYY-MM-DD'),to_date('2020-12-16','YYYY-MM-DD'));
Insert into BO.EMPRUNTS (LIVRES_ID,MEMBRES_ID,DATE_EMPRUNT,DATE_RETOUR) values ('14','15',to_date('2023-03-12','YYYY-MM-DD'),to_date('2023-04-11','YYYY-MM-DD'));
Insert into BO.EMPRUNTS (LIVRES_ID,MEMBRES_ID,DATE_EMPRUNT,DATE_RETOUR) values ('42','21',to_date('2021-12-08','YYYY-MM-DD'),to_date('2021-12-28','YYYY-MM-DD'));
Insert into BO.EMPRUNTS (LIVRES_ID,MEMBRES_ID,DATE_EMPRUNT,DATE_RETOUR) values ('15','46',to_date('2023-06-22','YYYY-MM-DD'),to_date('2023-07-27','YYYY-MM-DD'));
Insert into BO.EMPRUNTS (LIVRES_ID,MEMBRES_ID,DATE_EMPRUNT,DATE_RETOUR) values ('35','4',to_date('2021-10-07','YYYY-MM-DD'),to_date('2021-11-11','YYYY-MM-DD'));
Insert into BO.EMPRUNTS (LIVRES_ID,MEMBRES_ID,DATE_EMPRUNT,DATE_RETOUR) values ('14','19',to_date('2021-09-25','YYYY-MM-DD'),null);
Insert into BO.EMPRUNTS (LIVRES_ID,MEMBRES_ID,DATE_EMPRUNT,DATE_RETOUR) values ('33','36',to_date('2021-09-29','YYYY-MM-DD'),to_date('2021-12-06','YYYY-MM-DD'));
Insert into BO.EMPRUNTS (LIVRES_ID,MEMBRES_ID,DATE_EMPRUNT,DATE_RETOUR) values ('51','47',to_date('2020-10-06','YYYY-MM-DD'),to_date('2020-12-06','YYYY-MM-DD'));
Insert into BO.EMPRUNTS (LIVRES_ID,MEMBRES_ID,DATE_EMPRUNT,DATE_RETOUR) values ('45','31',to_date('2023-05-07','YYYY-MM-DD'),to_date('2023-07-16','YYYY-MM-DD'));
Insert into BO.EMPRUNTS (LIVRES_ID,MEMBRES_ID,DATE_EMPRUNT,DATE_RETOUR) values ('5','11',to_date('2021-12-06','YYYY-MM-DD'),to_date('2022-01-20','YYYY-MM-DD'));
Insert into BO.EMPRUNTS (LIVRES_ID,MEMBRES_ID,DATE_EMPRUNT,DATE_RETOUR) values ('49','38',to_date('2023-03-08','YYYY-MM-DD'),to_date('2023-04-16','YYYY-MM-DD'));
Insert into BO.EMPRUNTS (LIVRES_ID,MEMBRES_ID,DATE_EMPRUNT,DATE_RETOUR) values ('18','38',to_date('2022-08-30','YYYY-MM-DD'),to_date('2022-10-20','YYYY-MM-DD'));
Insert into BO.EMPRUNTS (LIVRES_ID,MEMBRES_ID,DATE_EMPRUNT,DATE_RETOUR) values ('26','22',to_date('2022-05-17','YYYY-MM-DD'),to_date('2022-07-08','YYYY-MM-DD'));
Insert into BO.EMPRUNTS (LIVRES_ID,MEMBRES_ID,DATE_EMPRUNT,DATE_RETOUR) values ('53','15',to_date('2020-09-09','YYYY-MM-DD'),to_date('2020-10-14','YYYY-MM-DD'));
Insert into BO.EMPRUNTS (LIVRES_ID,MEMBRES_ID,DATE_EMPRUNT,DATE_RETOUR) values ('37','36',to_date('2021-08-10','YYYY-MM-DD'),to_date('2021-08-25','YYYY-MM-DD'));
Insert into BO.EMPRUNTS (LIVRES_ID,MEMBRES_ID,DATE_EMPRUNT,DATE_RETOUR) values ('40','18',to_date('2022-07-12','YYYY-MM-DD'),to_date('2022-09-14','YYYY-MM-DD'));
Insert into BO.EMPRUNTS (LIVRES_ID,MEMBRES_ID,DATE_EMPRUNT,DATE_RETOUR) values ('36','41',to_date('2023-08-02','YYYY-MM-DD'),null);
Insert into BO.EMPRUNTS (LIVRES_ID,MEMBRES_ID,DATE_EMPRUNT,DATE_RETOUR) values ('28','44',to_date('2021-01-09','YYYY-MM-DD'),to_date('2021-02-23','YYYY-MM-DD'));
Insert into BO.EMPRUNTS (LIVRES_ID,MEMBRES_ID,DATE_EMPRUNT,DATE_RETOUR) values ('55','16',to_date('2023-07-05','YYYY-MM-DD'),to_date('2023-08-07','YYYY-MM-DD'));
Insert into BO.EMPRUNTS (LIVRES_ID,MEMBRES_ID,DATE_EMPRUNT,DATE_RETOUR) values ('40','39',to_date('2023-02-12','YYYY-MM-DD'),to_date('2023-03-10','YYYY-MM-DD'));
Insert into BO.EMPRUNTS (LIVRES_ID,MEMBRES_ID,DATE_EMPRUNT,DATE_RETOUR) values ('31','47',to_date('2022-01-12','YYYY-MM-DD'),null);
Insert into BO.EMPRUNTS (LIVRES_ID,MEMBRES_ID,DATE_EMPRUNT,DATE_RETOUR) values ('55','2',to_date('2022-06-16','YYYY-MM-DD'),to_date('2022-07-31','YYYY-MM-DD'));
Insert into BO.EMPRUNTS (LIVRES_ID,MEMBRES_ID,DATE_EMPRUNT,DATE_RETOUR) values ('9','12',to_date('2021-07-18','YYYY-MM-DD'),null);
Insert into BO.EMPRUNTS (LIVRES_ID,MEMBRES_ID,DATE_EMPRUNT,DATE_RETOUR) values ('19','23',to_date('2021-09-28','YYYY-MM-DD'),to_date('2021-10-17','YYYY-MM-DD'));
Insert into BO.EMPRUNTS (LIVRES_ID,MEMBRES_ID,DATE_EMPRUNT,DATE_RETOUR) values ('51','9',to_date('2022-12-06','YYYY-MM-DD'),to_date('2023-01-14','YYYY-MM-DD'));
Insert into BO.EMPRUNTS (LIVRES_ID,MEMBRES_ID,DATE_EMPRUNT,DATE_RETOUR) values ('43','6',to_date('2022-07-10','YYYY-MM-DD'),null);
Insert into BO.EMPRUNTS (LIVRES_ID,MEMBRES_ID,DATE_EMPRUNT,DATE_RETOUR) values ('9','19',to_date('2022-05-25','YYYY-MM-DD'),to_date('2022-07-31','YYYY-MM-DD'));
Insert into BO.EMPRUNTS (LIVRES_ID,MEMBRES_ID,DATE_EMPRUNT,DATE_RETOUR) values ('52','45',to_date('2022-12-04','YYYY-MM-DD'),null);
Insert into BO.EMPRUNTS (LIVRES_ID,MEMBRES_ID,DATE_EMPRUNT,DATE_RETOUR) values ('16','5',to_date('2023-06-18','YYYY-MM-DD'),to_date('2023-08-08','YYYY-MM-DD'));
Insert into BO.EMPRUNTS (LIVRES_ID,MEMBRES_ID,DATE_EMPRUNT,DATE_RETOUR) values ('20','19',to_date('2021-02-04','YYYY-MM-DD'),to_date('2021-03-28','YYYY-MM-DD'));
Insert into BO.EMPRUNTS (LIVRES_ID,MEMBRES_ID,DATE_EMPRUNT,DATE_RETOUR) values ('16','17',to_date('2020-12-28','YYYY-MM-DD'),to_date('2021-01-18','YYYY-MM-DD'));
Insert into BO.EMPRUNTS (LIVRES_ID,MEMBRES_ID,DATE_EMPRUNT,DATE_RETOUR) values ('25','13',to_date('2022-09-04','YYYY-MM-DD'),to_date('2022-10-09','YYYY-MM-DD'));
Insert into BO.EMPRUNTS (LIVRES_ID,MEMBRES_ID,DATE_EMPRUNT,DATE_RETOUR) values ('25','8',to_date('2023-06-13','YYYY-MM-DD'),to_date('2023-08-08','YYYY-MM-DD'));
Insert into BO.EMPRUNTS (LIVRES_ID,MEMBRES_ID,DATE_EMPRUNT,DATE_RETOUR) values ('17','22',to_date('2021-03-10','YYYY-MM-DD'),to_date('2021-04-17','YYYY-MM-DD'));
Insert into BO.EMPRUNTS (LIVRES_ID,MEMBRES_ID,DATE_EMPRUNT,DATE_RETOUR) values ('13','43',to_date('2022-05-12','YYYY-MM-DD'),null);
Insert into BO.EMPRUNTS (LIVRES_ID,MEMBRES_ID,DATE_EMPRUNT,DATE_RETOUR) values ('28','44',to_date('2022-09-12','YYYY-MM-DD'),null);
Insert into BO.EMPRUNTS (LIVRES_ID,MEMBRES_ID,DATE_EMPRUNT,DATE_RETOUR) values ('44','37',to_date('2020-10-14','YYYY-MM-DD'),null);
Insert into BO.EMPRUNTS (LIVRES_ID,MEMBRES_ID,DATE_EMPRUNT,DATE_RETOUR) values ('25','11',to_date('2021-09-24','YYYY-MM-DD'),to_date('2021-11-23','YYYY-MM-DD'));
Insert into BO.EMPRUNTS (LIVRES_ID,MEMBRES_ID,DATE_EMPRUNT,DATE_RETOUR) values ('6','37',to_date('2023-04-21','YYYY-MM-DD'),to_date('2023-05-29','YYYY-MM-DD'));
Insert into BO.EMPRUNTS (LIVRES_ID,MEMBRES_ID,DATE_EMPRUNT,DATE_RETOUR) values ('20','12',to_date('2022-11-11','YYYY-MM-DD'),to_date('2022-12-24','YYYY-MM-DD'));
Insert into BO.EMPRUNTS (LIVRES_ID,MEMBRES_ID,DATE_EMPRUNT,DATE_RETOUR) values ('36','23',to_date('2021-03-16','YYYY-MM-DD'),to_date('2021-03-27','YYYY-MM-DD'));
Insert into BO.EMPRUNTS (LIVRES_ID,MEMBRES_ID,DATE_EMPRUNT,DATE_RETOUR) values ('27','14',to_date('2023-07-03','YYYY-MM-DD'),to_date('2023-08-21','YYYY-MM-DD'));
Insert into BO.EMPRUNTS (LIVRES_ID,MEMBRES_ID,DATE_EMPRUNT,DATE_RETOUR) values ('53','42',to_date('2021-09-15','YYYY-MM-DD'),to_date('2021-10-06','YYYY-MM-DD'));
Insert into BO.EMPRUNTS (LIVRES_ID,MEMBRES_ID,DATE_EMPRUNT,DATE_RETOUR) values ('56','32',to_date('2023-08-02','YYYY-MM-DD'),null);
Insert into BO.EMPRUNTS (LIVRES_ID,MEMBRES_ID,DATE_EMPRUNT,DATE_RETOUR) values ('20','32',to_date('2021-03-25','YYYY-MM-DD'),to_date('2021-06-09','YYYY-MM-DD'));
Insert into BO.EMPRUNTS (LIVRES_ID,MEMBRES_ID,DATE_EMPRUNT,DATE_RETOUR) values ('11','24',to_date('2021-02-07','YYYY-MM-DD'),null);
Insert into BO.EMPRUNTS (LIVRES_ID,MEMBRES_ID,DATE_EMPRUNT,DATE_RETOUR) values ('50','23',to_date('2022-06-20','YYYY-MM-DD'),to_date('2022-07-19','YYYY-MM-DD'));
Insert into BO.EMPRUNTS (LIVRES_ID,MEMBRES_ID,DATE_EMPRUNT,DATE_RETOUR) values ('27','14',to_date('2021-11-11','YYYY-MM-DD'),null);
Insert into BO.EMPRUNTS (LIVRES_ID,MEMBRES_ID,DATE_EMPRUNT,DATE_RETOUR) values ('33','8',to_date('2022-11-22','YYYY-MM-DD'),null);
Insert into BO.EMPRUNTS (LIVRES_ID,MEMBRES_ID,DATE_EMPRUNT,DATE_RETOUR) values ('44','5',to_date('2021-10-22','YYYY-MM-DD'),to_date('2021-12-01','YYYY-MM-DD'));
Insert into BO.EMPRUNTS (LIVRES_ID,MEMBRES_ID,DATE_EMPRUNT,DATE_RETOUR) values ('45','33',to_date('2022-12-01','YYYY-MM-DD'),to_date('2023-01-20','YYYY-MM-DD'));
Insert into BO.EMPRUNTS (LIVRES_ID,MEMBRES_ID,DATE_EMPRUNT,DATE_RETOUR) values ('16','43',to_date('2021-06-01','YYYY-MM-DD'),to_date('2021-07-30','YYYY-MM-DD'));
Insert into BO.EMPRUNTS (LIVRES_ID,MEMBRES_ID,DATE_EMPRUNT,DATE_RETOUR) values ('23','14',to_date('2023-05-07','YYYY-MM-DD'),to_date('2023-05-18','YYYY-MM-DD'));
Insert into BO.EMPRUNTS (LIVRES_ID,MEMBRES_ID,DATE_EMPRUNT,DATE_RETOUR) values ('10','31',to_date('2021-05-31','YYYY-MM-DD'),null);
Insert into BO.EMPRUNTS (LIVRES_ID,MEMBRES_ID,DATE_EMPRUNT,DATE_RETOUR) values ('48','45',to_date('2023-07-22','YYYY-MM-DD'),to_date('2023-08-28','YYYY-MM-DD'));
Insert into BO.EMPRUNTS (LIVRES_ID,MEMBRES_ID,DATE_EMPRUNT,DATE_RETOUR) values ('30','25',to_date('2022-02-23','YYYY-MM-DD'),null);
Insert into BO.EMPRUNTS (LIVRES_ID,MEMBRES_ID,DATE_EMPRUNT,DATE_RETOUR) values ('53','11',to_date('2023-02-02','YYYY-MM-DD'),to_date('2023-03-10','YYYY-MM-DD'));
Insert into BO.EMPRUNTS (LIVRES_ID,MEMBRES_ID,DATE_EMPRUNT,DATE_RETOUR) values ('4','12',to_date('2021-12-13','YYYY-MM-DD'),to_date('2022-02-12','YYYY-MM-DD'));
Insert into BO.EMPRUNTS (LIVRES_ID,MEMBRES_ID,DATE_EMPRUNT,DATE_RETOUR) values ('45','43',to_date('2021-08-24','YYYY-MM-DD'),to_date('2021-10-23','YYYY-MM-DD'));
Insert into BO.EMPRUNTS (LIVRES_ID,MEMBRES_ID,DATE_EMPRUNT,DATE_RETOUR) values ('26','6',to_date('2022-02-19','YYYY-MM-DD'),null);
Insert into BO.EMPRUNTS (LIVRES_ID,MEMBRES_ID,DATE_EMPRUNT,DATE_RETOUR) values ('3','24',to_date('2023-05-30','YYYY-MM-DD'),to_date('2023-07-02','YYYY-MM-DD'));
Insert into BO.EMPRUNTS (LIVRES_ID,MEMBRES_ID,DATE_EMPRUNT,DATE_RETOUR) values ('16','32',to_date('2021-02-05','YYYY-MM-DD'),to_date('2021-04-13','YYYY-MM-DD'));
Insert into BO.EMPRUNTS (LIVRES_ID,MEMBRES_ID,DATE_EMPRUNT,DATE_RETOUR) values ('40','32',to_date('2023-07-11','YYYY-MM-DD'),to_date('2023-08-23','YYYY-MM-DD'));
Insert into BO.EMPRUNTS (LIVRES_ID,MEMBRES_ID,DATE_EMPRUNT,DATE_RETOUR) values ('1','42',to_date('2022-11-04','YYYY-MM-DD'),to_date('2022-11-16','YYYY-MM-DD'));
Insert into BO.EMPRUNTS (LIVRES_ID,MEMBRES_ID,DATE_EMPRUNT,DATE_RETOUR) values ('53','47',to_date('2020-10-30','YYYY-MM-DD'),to_date('2020-11-22','YYYY-MM-DD'));
Insert into BO.EMPRUNTS (LIVRES_ID,MEMBRES_ID,DATE_EMPRUNT,DATE_RETOUR) values ('23','39',to_date('2021-08-23','YYYY-MM-DD'),null);
Insert into BO.EMPRUNTS (LIVRES_ID,MEMBRES_ID,DATE_EMPRUNT,DATE_RETOUR) values ('47','24',to_date('2022-08-17','YYYY-MM-DD'),null);
Insert into BO.EMPRUNTS (LIVRES_ID,MEMBRES_ID,DATE_EMPRUNT,DATE_RETOUR) values ('14','39',to_date('2023-02-03','YYYY-MM-DD'),to_date('2023-02-26','YYYY-MM-DD'));
Insert into BO.EMPRUNTS (LIVRES_ID,MEMBRES_ID,DATE_EMPRUNT,DATE_RETOUR) values ('46','11',to_date('2022-01-31','YYYY-MM-DD'),to_date('2022-04-15','YYYY-MM-DD'));
Insert into BO.EMPRUNTS (LIVRES_ID,MEMBRES_ID,DATE_EMPRUNT,DATE_RETOUR) values ('44','11',to_date('2021-06-19','YYYY-MM-DD'),to_date('2021-07-29','YYYY-MM-DD'));
Insert into BO.EMPRUNTS (LIVRES_ID,MEMBRES_ID,DATE_EMPRUNT,DATE_RETOUR) values ('18','45',to_date('2021-07-12','YYYY-MM-DD'),to_date('2021-08-17','YYYY-MM-DD'));
Insert into BO.EMPRUNTS (LIVRES_ID,MEMBRES_ID,DATE_EMPRUNT,DATE_RETOUR) values ('8','6',to_date('2022-10-16','YYYY-MM-DD'),to_date('2022-12-26','YYYY-MM-DD'));
Insert into BO.EMPRUNTS (LIVRES_ID,MEMBRES_ID,DATE_EMPRUNT,DATE_RETOUR) values ('24','19',to_date('2020-10-30','YYYY-MM-DD'),to_date('2020-12-25','YYYY-MM-DD'));
Insert into BO.EMPRUNTS (LIVRES_ID,MEMBRES_ID,DATE_EMPRUNT,DATE_RETOUR) values ('25','33',to_date('2020-10-02','YYYY-MM-DD'),to_date('2020-11-21','YYYY-MM-DD'));
Insert into BO.EMPRUNTS (LIVRES_ID,MEMBRES_ID,DATE_EMPRUNT,DATE_RETOUR) values ('28','26',to_date('2023-01-24','YYYY-MM-DD'),to_date('2023-03-29','YYYY-MM-DD'));
Insert into BO.EMPRUNTS (LIVRES_ID,MEMBRES_ID,DATE_EMPRUNT,DATE_RETOUR) values ('50','36',to_date('2021-12-10','YYYY-MM-DD'),to_date('2022-02-01','YYYY-MM-DD'));
Insert into BO.EMPRUNTS (LIVRES_ID,MEMBRES_ID,DATE_EMPRUNT,DATE_RETOUR) values ('56','6',to_date('2022-07-12','YYYY-MM-DD'),null);
Insert into BO.EMPRUNTS (LIVRES_ID,MEMBRES_ID,DATE_EMPRUNT,DATE_RETOUR) values ('38','3',to_date('2021-12-08','YYYY-MM-DD'),to_date('2022-01-19','YYYY-MM-DD'));
Insert into BO.EMPRUNTS (LIVRES_ID,MEMBRES_ID,DATE_EMPRUNT,DATE_RETOUR) values ('24','28',to_date('2021-10-12','YYYY-MM-DD'),to_date('2021-10-26','YYYY-MM-DD'));
Insert into BO.EMPRUNTS (LIVRES_ID,MEMBRES_ID,DATE_EMPRUNT,DATE_RETOUR) values ('14','3',to_date('2022-12-13','YYYY-MM-DD'),to_date('2023-01-30','YYYY-MM-DD'));
Insert into BO.EMPRUNTS (LIVRES_ID,MEMBRES_ID,DATE_EMPRUNT,DATE_RETOUR) values ('27','46',to_date('2022-08-15','YYYY-MM-DD'),to_date('2022-10-21','YYYY-MM-DD'));
Insert into BO.EMPRUNTS (LIVRES_ID,MEMBRES_ID,DATE_EMPRUNT,DATE_RETOUR) values ('30','22',to_date('2021-02-22','YYYY-MM-DD'),to_date('2021-05-04','YYYY-MM-DD'));
Insert into BO.EMPRUNTS (LIVRES_ID,MEMBRES_ID,DATE_EMPRUNT,DATE_RETOUR) values ('32','34',to_date('2022-08-28','YYYY-MM-DD'),to_date('2022-09-15','YYYY-MM-DD'));
Insert into BO.EMPRUNTS (LIVRES_ID,MEMBRES_ID,DATE_EMPRUNT,DATE_RETOUR) values ('20','4',to_date('2021-03-12','YYYY-MM-DD'),to_date('2021-04-30','YYYY-MM-DD'));
Insert into BO.EMPRUNTS (LIVRES_ID,MEMBRES_ID,DATE_EMPRUNT,DATE_RETOUR) values ('14','32',to_date('2020-12-05','YYYY-MM-DD'),to_date('2021-02-22','YYYY-MM-DD'));
Insert into BO.EMPRUNTS (LIVRES_ID,MEMBRES_ID,DATE_EMPRUNT,DATE_RETOUR) values ('40','19',to_date('2021-06-09','YYYY-MM-DD'),to_date('2021-08-17','YYYY-MM-DD'));
Insert into BO.EMPRUNTS (LIVRES_ID,MEMBRES_ID,DATE_EMPRUNT,DATE_RETOUR) values ('42','44',to_date('2022-07-25','YYYY-MM-DD'),to_date('2022-10-06','YYYY-MM-DD'));
Insert into BO.EMPRUNTS (LIVRES_ID,MEMBRES_ID,DATE_EMPRUNT,DATE_RETOUR) values ('42','27',to_date('2021-05-31','YYYY-MM-DD'),to_date('2021-07-04','YYYY-MM-DD'));
Insert into BO.EMPRUNTS (LIVRES_ID,MEMBRES_ID,DATE_EMPRUNT,DATE_RETOUR) values ('27','13',to_date('2020-10-23','YYYY-MM-DD'),to_date('2020-12-11','YYYY-MM-DD'));
Insert into BO.EMPRUNTS (LIVRES_ID,MEMBRES_ID,DATE_EMPRUNT,DATE_RETOUR) values ('18','19',to_date('2022-05-27','YYYY-MM-DD'),to_date('2022-07-30','YYYY-MM-DD'));
Insert into BO.EMPRUNTS (LIVRES_ID,MEMBRES_ID,DATE_EMPRUNT,DATE_RETOUR) values ('38','24',to_date('2023-05-30','YYYY-MM-DD'),to_date('2023-08-06','YYYY-MM-DD'));
Insert into BO.EMPRUNTS (LIVRES_ID,MEMBRES_ID,DATE_EMPRUNT,DATE_RETOUR) values ('12','28',to_date('2021-01-11','YYYY-MM-DD'),to_date('2021-01-31','YYYY-MM-DD'));
Insert into BO.EMPRUNTS (LIVRES_ID,MEMBRES_ID,DATE_EMPRUNT,DATE_RETOUR) values ('1','42',to_date('2022-12-27','YYYY-MM-DD'),null);
Insert into BO.EMPRUNTS (LIVRES_ID,MEMBRES_ID,DATE_EMPRUNT,DATE_RETOUR) values ('5','22',to_date('2021-04-05','YYYY-MM-DD'),to_date('2021-05-14','YYYY-MM-DD'));
Insert into BO.EMPRUNTS (LIVRES_ID,MEMBRES_ID,DATE_EMPRUNT,DATE_RETOUR) values ('21','43',to_date('2021-10-28','YYYY-MM-DD'),null);
Insert into BO.EMPRUNTS (LIVRES_ID,MEMBRES_ID,DATE_EMPRUNT,DATE_RETOUR) values ('20','12',to_date('2023-07-27','YYYY-MM-DD'),to_date('2023-10-05','YYYY-MM-DD'));
Insert into BO.EMPRUNTS (LIVRES_ID,MEMBRES_ID,DATE_EMPRUNT,DATE_RETOUR) values ('46','12',to_date('2021-12-23','YYYY-MM-DD'),to_date('2022-01-09','YYYY-MM-DD'));
Insert into BO.EMPRUNTS (LIVRES_ID,MEMBRES_ID,DATE_EMPRUNT,DATE_RETOUR) values ('17','7',to_date('2022-05-05','YYYY-MM-DD'),null);
Insert into BO.EMPRUNTS (LIVRES_ID,MEMBRES_ID,DATE_EMPRUNT,DATE_RETOUR) values ('20','21',to_date('2022-05-03','YYYY-MM-DD'),to_date('2022-06-15','YYYY-MM-DD'));
Insert into BO.EMPRUNTS (LIVRES_ID,MEMBRES_ID,DATE_EMPRUNT,DATE_RETOUR) values ('39','36',to_date('2022-03-13','YYYY-MM-DD'),to_date('2022-05-30','YYYY-MM-DD'));
Insert into BO.EMPRUNTS (LIVRES_ID,MEMBRES_ID,DATE_EMPRUNT,DATE_RETOUR) values ('38','31',to_date('2021-04-10','YYYY-MM-DD'),null);
Insert into BO.EMPRUNTS (LIVRES_ID,MEMBRES_ID,DATE_EMPRUNT,DATE_RETOUR) values ('38','37',to_date('2020-08-27','YYYY-MM-DD'),to_date('2020-09-23','YYYY-MM-DD'));
Insert into BO.EMPRUNTS (LIVRES_ID,MEMBRES_ID,DATE_EMPRUNT,DATE_RETOUR) values ('22','35',to_date('2022-07-02','YYYY-MM-DD'),to_date('2022-07-23','YYYY-MM-DD'));
Insert into BO.EMPRUNTS (LIVRES_ID,MEMBRES_ID,DATE_EMPRUNT,DATE_RETOUR) values ('22','6',to_date('2023-03-05','YYYY-MM-DD'),to_date('2023-04-11','YYYY-MM-DD'));
Insert into BO.EMPRUNTS (LIVRES_ID,MEMBRES_ID,DATE_EMPRUNT,DATE_RETOUR) values ('13','38',to_date('2021-04-09','YYYY-MM-DD'),to_date('2021-05-19','YYYY-MM-DD'));
Insert into BO.EMPRUNTS (LIVRES_ID,MEMBRES_ID,DATE_EMPRUNT,DATE_RETOUR) values ('27','7',to_date('2020-12-06','YYYY-MM-DD'),to_date('2021-01-06','YYYY-MM-DD'));
Insert into BO.EMPRUNTS (LIVRES_ID,MEMBRES_ID,DATE_EMPRUNT,DATE_RETOUR) values ('32','27',to_date('2023-02-01','YYYY-MM-DD'),to_date('2023-02-27','YYYY-MM-DD'));
Insert into BO.EMPRUNTS (LIVRES_ID,MEMBRES_ID,DATE_EMPRUNT,DATE_RETOUR) values ('44','25',to_date('2021-11-09','YYYY-MM-DD'),null);
Insert into BO.EMPRUNTS (LIVRES_ID,MEMBRES_ID,DATE_EMPRUNT,DATE_RETOUR) values ('12','8',to_date('2021-09-03','YYYY-MM-DD'),null);
Insert into BO.EMPRUNTS (LIVRES_ID,MEMBRES_ID,DATE_EMPRUNT,DATE_RETOUR) values ('1','26',to_date('2021-01-06','YYYY-MM-DD'),to_date('2021-01-26','YYYY-MM-DD'));
Insert into BO.EMPRUNTS (LIVRES_ID,MEMBRES_ID,DATE_EMPRUNT,DATE_RETOUR) values ('8','46',to_date('2021-01-19','YYYY-MM-DD'),to_date('2021-03-14','YYYY-MM-DD'));
Insert into BO.EMPRUNTS (LIVRES_ID,MEMBRES_ID,DATE_EMPRUNT,DATE_RETOUR) values ('29','9',to_date('2021-08-01','YYYY-MM-DD'),to_date('2021-10-10','YYYY-MM-DD'));
Insert into BO.EMPRUNTS (LIVRES_ID,MEMBRES_ID,DATE_EMPRUNT,DATE_RETOUR) values ('46','46',to_date('2023-02-17','YYYY-MM-DD'),null);
Insert into BO.EMPRUNTS (LIVRES_ID,MEMBRES_ID,DATE_EMPRUNT,DATE_RETOUR) values ('29','3',to_date('2022-07-06','YYYY-MM-DD'),to_date('2022-08-04','YYYY-MM-DD'));
Insert into BO.EMPRUNTS (LIVRES_ID,MEMBRES_ID,DATE_EMPRUNT,DATE_RETOUR) values ('13','16',to_date('2023-01-09','YYYY-MM-DD'),to_date('2023-01-24','YYYY-MM-DD'));
Insert into BO.EMPRUNTS (LIVRES_ID,MEMBRES_ID,DATE_EMPRUNT,DATE_RETOUR) values ('52','44',to_date('2021-07-10','YYYY-MM-DD'),null);
Insert into BO.EMPRUNTS (LIVRES_ID,MEMBRES_ID,DATE_EMPRUNT,DATE_RETOUR) values ('7','27',to_date('2021-03-22','YYYY-MM-DD'),null);
Insert into BO.EMPRUNTS (LIVRES_ID,MEMBRES_ID,DATE_EMPRUNT,DATE_RETOUR) values ('24','33',to_date('2023-06-14','YYYY-MM-DD'),to_date('2023-07-05','YYYY-MM-DD'));
Insert into BO.EMPRUNTS (LIVRES_ID,MEMBRES_ID,DATE_EMPRUNT,DATE_RETOUR) values ('29','1',to_date('2022-08-03','YYYY-MM-DD'),null);
Insert into BO.EMPRUNTS (LIVRES_ID,MEMBRES_ID,DATE_EMPRUNT,DATE_RETOUR) values ('9','2',to_date('2021-09-12','YYYY-MM-DD'),to_date('2021-12-01','YYYY-MM-DD'));
Insert into BO.EMPRUNTS (LIVRES_ID,MEMBRES_ID,DATE_EMPRUNT,DATE_RETOUR) values ('32','9',to_date('2022-12-19','YYYY-MM-DD'),to_date('2023-01-17','YYYY-MM-DD'));
Insert into BO.EMPRUNTS (LIVRES_ID,MEMBRES_ID,DATE_EMPRUNT,DATE_RETOUR) values ('41','13',to_date('2021-10-07','YYYY-MM-DD'),to_date('2021-11-26','YYYY-MM-DD'));
Insert into BO.EMPRUNTS (LIVRES_ID,MEMBRES_ID,DATE_EMPRUNT,DATE_RETOUR) values ('4','16',to_date('2021-04-18','YYYY-MM-DD'),to_date('2021-07-02','YYYY-MM-DD'));
Insert into BO.EMPRUNTS (LIVRES_ID,MEMBRES_ID,DATE_EMPRUNT,DATE_RETOUR) values ('27','32',to_date('2020-11-16','YYYY-MM-DD'),to_date('2020-12-18','YYYY-MM-DD'));
Insert into BO.EMPRUNTS (LIVRES_ID,MEMBRES_ID,DATE_EMPRUNT,DATE_RETOUR) values ('4','27',to_date('2022-01-01','YYYY-MM-DD'),null);
Insert into BO.EMPRUNTS (LIVRES_ID,MEMBRES_ID,DATE_EMPRUNT,DATE_RETOUR) values ('20','5',to_date('2021-10-19','YYYY-MM-DD'),null);
Insert into BO.EMPRUNTS (LIVRES_ID,MEMBRES_ID,DATE_EMPRUNT,DATE_RETOUR) values ('23','11',to_date('2020-09-19','YYYY-MM-DD'),to_date('2020-11-15','YYYY-MM-DD'));
Insert into BO.EMPRUNTS (LIVRES_ID,MEMBRES_ID,DATE_EMPRUNT,DATE_RETOUR) values ('52','5',to_date('2023-05-28','YYYY-MM-DD'),to_date('2023-08-07','YYYY-MM-DD'));
Insert into BO.EMPRUNTS (LIVRES_ID,MEMBRES_ID,DATE_EMPRUNT,DATE_RETOUR) values ('55','9',to_date('2023-02-11','YYYY-MM-DD'),to_date('2023-03-13','YYYY-MM-DD'));
Insert into BO.EMPRUNTS (LIVRES_ID,MEMBRES_ID,DATE_EMPRUNT,DATE_RETOUR) values ('10','21',to_date('2022-10-26','YYYY-MM-DD'),to_date('2022-11-19','YYYY-MM-DD'));
Insert into BO.EMPRUNTS (LIVRES_ID,MEMBRES_ID,DATE_EMPRUNT,DATE_RETOUR) values ('2','2',to_date('2023-04-07','YYYY-MM-DD'),to_date('2023-05-29','YYYY-MM-DD'));
Insert into BO.EMPRUNTS (LIVRES_ID,MEMBRES_ID,DATE_EMPRUNT,DATE_RETOUR) values ('23','26',to_date('2022-06-18','YYYY-MM-DD'),to_date('2022-08-08','YYYY-MM-DD'));
Insert into BO.EMPRUNTS (LIVRES_ID,MEMBRES_ID,DATE_EMPRUNT,DATE_RETOUR) values ('15','7',to_date('2022-08-24','YYYY-MM-DD'),null);
Insert into BO.EMPRUNTS (LIVRES_ID,MEMBRES_ID,DATE_EMPRUNT,DATE_RETOUR) values ('3','7',to_date('2023-01-07','YYYY-MM-DD'),to_date('2023-02-10','YYYY-MM-DD'));
Insert into BO.EMPRUNTS (LIVRES_ID,MEMBRES_ID,DATE_EMPRUNT,DATE_RETOUR) values ('40','29',to_date('2023-01-12','YYYY-MM-DD'),to_date('2023-01-28','YYYY-MM-DD'));
Insert into BO.EMPRUNTS (LIVRES_ID,MEMBRES_ID,DATE_EMPRUNT,DATE_RETOUR) values ('50','19',to_date('2020-12-01','YYYY-MM-DD'),to_date('2021-01-28','YYYY-MM-DD'));
Insert into BO.EMPRUNTS (LIVRES_ID,MEMBRES_ID,DATE_EMPRUNT,DATE_RETOUR) values ('24','44',to_date('2022-12-25','YYYY-MM-DD'),to_date('2023-03-09','YYYY-MM-DD'));
Insert into BO.EMPRUNTS (LIVRES_ID,MEMBRES_ID,DATE_EMPRUNT,DATE_RETOUR) values ('35','26',to_date('2022-08-03','YYYY-MM-DD'),to_date('2022-09-14','YYYY-MM-DD'));
Insert into BO.EMPRUNTS (LIVRES_ID,MEMBRES_ID,DATE_EMPRUNT,DATE_RETOUR) values ('32','34',to_date('2021-03-17','YYYY-MM-DD'),to_date('2021-05-25','YYYY-MM-DD'));
Insert into BO.EMPRUNTS (LIVRES_ID,MEMBRES_ID,DATE_EMPRUNT,DATE_RETOUR) values ('55','45',to_date('2022-10-14','YYYY-MM-DD'),to_date('2022-11-10','YYYY-MM-DD'));
Insert into BO.EMPRUNTS (LIVRES_ID,MEMBRES_ID,DATE_EMPRUNT,DATE_RETOUR) values ('29','27',to_date('2021-09-14','YYYY-MM-DD'),to_date('2021-11-02','YYYY-MM-DD'));
Insert into BO.EMPRUNTS (LIVRES_ID,MEMBRES_ID,DATE_EMPRUNT,DATE_RETOUR) values ('39','34',to_date('2023-01-19','YYYY-MM-DD'),null);
Insert into BO.EMPRUNTS (LIVRES_ID,MEMBRES_ID,DATE_EMPRUNT,DATE_RETOUR) values ('28','37',to_date('2020-11-03','YYYY-MM-DD'),to_date('2021-01-11','YYYY-MM-DD'));
Insert into BO.EMPRUNTS (LIVRES_ID,MEMBRES_ID,DATE_EMPRUNT,DATE_RETOUR) values ('11','7',to_date('2021-09-17','YYYY-MM-DD'),to_date('2021-11-24','YYYY-MM-DD'));
Insert into BO.EMPRUNTS (LIVRES_ID,MEMBRES_ID,DATE_EMPRUNT,DATE_RETOUR) values ('41','15',to_date('2023-05-07','YYYY-MM-DD'),to_date('2023-06-28','YYYY-MM-DD'));
Insert into BO.EMPRUNTS (LIVRES_ID,MEMBRES_ID,DATE_EMPRUNT,DATE_RETOUR) values ('48','13',to_date('2022-06-25','YYYY-MM-DD'),to_date('2022-07-26','YYYY-MM-DD'));
Insert into BO.EMPRUNTS (LIVRES_ID,MEMBRES_ID,DATE_EMPRUNT,DATE_RETOUR) values ('14','13',to_date('2020-11-06','YYYY-MM-DD'),null);
Insert into BO.EMPRUNTS (LIVRES_ID,MEMBRES_ID,DATE_EMPRUNT,DATE_RETOUR) values ('17','11',to_date('2020-09-17','YYYY-MM-DD'),to_date('2020-11-08','YYYY-MM-DD'));
Insert into BO.EMPRUNTS (LIVRES_ID,MEMBRES_ID,DATE_EMPRUNT,DATE_RETOUR) values ('46','1',to_date('2020-10-03','YYYY-MM-DD'),null);
Insert into BO.EMPRUNTS (LIVRES_ID,MEMBRES_ID,DATE_EMPRUNT,DATE_RETOUR) values ('34','14',to_date('2023-05-26','YYYY-MM-DD'),null);
Insert into BO.EMPRUNTS (LIVRES_ID,MEMBRES_ID,DATE_EMPRUNT,DATE_RETOUR) values ('18','15',to_date('2023-07-15','YYYY-MM-DD'),null);
Insert into BO.EMPRUNTS (LIVRES_ID,MEMBRES_ID,DATE_EMPRUNT,DATE_RETOUR) values ('13','4',to_date('2022-12-10','YYYY-MM-DD'),to_date('2023-01-15','YYYY-MM-DD'));
Insert into BO.EMPRUNTS (LIVRES_ID,MEMBRES_ID,DATE_EMPRUNT,DATE_RETOUR) values ('20','13',to_date('2023-06-28','YYYY-MM-DD'),null);
Insert into BO.EMPRUNTS (LIVRES_ID,MEMBRES_ID,DATE_EMPRUNT,DATE_RETOUR) values ('29','22',to_date('2021-05-24','YYYY-MM-DD'),null);
Insert into BO.EMPRUNTS (LIVRES_ID,MEMBRES_ID,DATE_EMPRUNT,DATE_RETOUR) values ('14','18',to_date('2023-08-02','YYYY-MM-DD'),to_date('2023-08-24','YYYY-MM-DD'));
Insert into BO.EMPRUNTS (LIVRES_ID,MEMBRES_ID,DATE_EMPRUNT,DATE_RETOUR) values ('3','24',to_date('2022-06-07','YYYY-MM-DD'),null);
Insert into BO.EMPRUNTS (LIVRES_ID,MEMBRES_ID,DATE_EMPRUNT,DATE_RETOUR) values ('24','1',to_date('2023-03-11','YYYY-MM-DD'),to_date('2023-04-13','YYYY-MM-DD'));
Insert into BO.EMPRUNTS (LIVRES_ID,MEMBRES_ID,DATE_EMPRUNT,DATE_RETOUR) values ('24','45',to_date('2022-08-06','YYYY-MM-DD'),null);
Insert into BO.EMPRUNTS (LIVRES_ID,MEMBRES_ID,DATE_EMPRUNT,DATE_RETOUR) values ('8','45',to_date('2022-04-27','YYYY-MM-DD'),to_date('2022-06-04','YYYY-MM-DD'));
Insert into BO.EMPRUNTS (LIVRES_ID,MEMBRES_ID,DATE_EMPRUNT,DATE_RETOUR) values ('24','46',to_date('2020-12-09','YYYY-MM-DD'),to_date('2020-12-19','YYYY-MM-DD'));
Insert into BO.EMPRUNTS (LIVRES_ID,MEMBRES_ID,DATE_EMPRUNT,DATE_RETOUR) values ('42','33',to_date('2023-08-19','YYYY-MM-DD'),to_date('2023-09-29','YYYY-MM-DD'));
Insert into BO.EMPRUNTS (LIVRES_ID,MEMBRES_ID,DATE_EMPRUNT,DATE_RETOUR) values ('46','1',to_date('2021-08-06','YYYY-MM-DD'),to_date('2021-09-24','YYYY-MM-DD'));
Insert into BO.EMPRUNTS (LIVRES_ID,MEMBRES_ID,DATE_EMPRUNT,DATE_RETOUR) values ('11','21',to_date('2023-02-01','YYYY-MM-DD'),to_date('2023-02-14','YYYY-MM-DD'));
Insert into BO.EMPRUNTS (LIVRES_ID,MEMBRES_ID,DATE_EMPRUNT,DATE_RETOUR) values ('12','46',to_date('2021-04-01','YYYY-MM-DD'),to_date('2021-06-08','YYYY-MM-DD'));
Insert into BO.EMPRUNTS (LIVRES_ID,MEMBRES_ID,DATE_EMPRUNT,DATE_RETOUR) values ('10','17',to_date('2022-06-20','YYYY-MM-DD'),to_date('2022-07-31','YYYY-MM-DD'));
Insert into BO.EMPRUNTS (LIVRES_ID,MEMBRES_ID,DATE_EMPRUNT,DATE_RETOUR) values ('31','25',to_date('2022-11-27','YYYY-MM-DD'),to_date('2023-01-20','YYYY-MM-DD'));
Insert into BO.EMPRUNTS (LIVRES_ID,MEMBRES_ID,DATE_EMPRUNT,DATE_RETOUR) values ('2','13',to_date('2021-10-04','YYYY-MM-DD'),to_date('2021-11-27','YYYY-MM-DD'));
Insert into BO.EMPRUNTS (LIVRES_ID,MEMBRES_ID,DATE_EMPRUNT,DATE_RETOUR) values ('10','31',to_date('2022-01-29','YYYY-MM-DD'),to_date('2022-04-04','YYYY-MM-DD'));
Insert into BO.EMPRUNTS (LIVRES_ID,MEMBRES_ID,DATE_EMPRUNT,DATE_RETOUR) values ('42','8',to_date('2023-01-26','YYYY-MM-DD'),to_date('2023-02-12','YYYY-MM-DD'));
Insert into BO.EMPRUNTS (LIVRES_ID,MEMBRES_ID,DATE_EMPRUNT,DATE_RETOUR) values ('53','33',to_date('2022-06-23','YYYY-MM-DD'),to_date('2022-08-15','YYYY-MM-DD'));
Insert into BO.EMPRUNTS (LIVRES_ID,MEMBRES_ID,DATE_EMPRUNT,DATE_RETOUR) values ('28','4',to_date('2022-05-18','YYYY-MM-DD'),to_date('2022-07-26','YYYY-MM-DD'));
Insert into BO.EMPRUNTS (LIVRES_ID,MEMBRES_ID,DATE_EMPRUNT,DATE_RETOUR) values ('29','5',to_date('2023-03-03','YYYY-MM-DD'),to_date('2023-05-01','YYYY-MM-DD'));
Insert into BO.EMPRUNTS (LIVRES_ID,MEMBRES_ID,DATE_EMPRUNT,DATE_RETOUR) values ('51','41',to_date('2021-12-04','YYYY-MM-DD'),to_date('2021-12-26','YYYY-MM-DD'));
Insert into BO.EMPRUNTS (LIVRES_ID,MEMBRES_ID,DATE_EMPRUNT,DATE_RETOUR) values ('43','39',to_date('2021-04-19','YYYY-MM-DD'),to_date('2021-05-12','YYYY-MM-DD'));
Insert into BO.EMPRUNTS (LIVRES_ID,MEMBRES_ID,DATE_EMPRUNT,DATE_RETOUR) values ('54','31',to_date('2023-07-13','YYYY-MM-DD'),to_date('2023-09-23','YYYY-MM-DD'));
Insert into BO.EMPRUNTS (LIVRES_ID,MEMBRES_ID,DATE_EMPRUNT,DATE_RETOUR) values ('18','34',to_date('2020-09-08','YYYY-MM-DD'),null);
Insert into BO.EMPRUNTS (LIVRES_ID,MEMBRES_ID,DATE_EMPRUNT,DATE_RETOUR) values ('41','21',to_date('2021-03-30','YYYY-MM-DD'),to_date('2021-05-24','YYYY-MM-DD'));
Insert into BO.EMPRUNTS (LIVRES_ID,MEMBRES_ID,DATE_EMPRUNT,DATE_RETOUR) values ('29','34',to_date('2022-10-24','YYYY-MM-DD'),to_date('2022-11-07','YYYY-MM-DD'));
Insert into BO.EMPRUNTS (LIVRES_ID,MEMBRES_ID,DATE_EMPRUNT,DATE_RETOUR) values ('33','1',to_date('2021-10-17','YYYY-MM-DD'),null);
Insert into BO.EMPRUNTS (LIVRES_ID,MEMBRES_ID,DATE_EMPRUNT,DATE_RETOUR) values ('54','35',to_date('2021-02-24','YYYY-MM-DD'),to_date('2021-04-25','YYYY-MM-DD'));
Insert into BO.EMPRUNTS (LIVRES_ID,MEMBRES_ID,DATE_EMPRUNT,DATE_RETOUR) values ('17','44',to_date('2022-12-07','YYYY-MM-DD'),to_date('2023-01-06','YYYY-MM-DD'));
Insert into BO.EMPRUNTS (LIVRES_ID,MEMBRES_ID,DATE_EMPRUNT,DATE_RETOUR) values ('47','8',to_date('2021-08-08','YYYY-MM-DD'),to_date('2021-09-25','YYYY-MM-DD'));
Insert into BO.EMPRUNTS (LIVRES_ID,MEMBRES_ID,DATE_EMPRUNT,DATE_RETOUR) values ('50','32',to_date('2021-10-22','YYYY-MM-DD'),to_date('2021-11-23','YYYY-MM-DD'));
Insert into BO.EMPRUNTS (LIVRES_ID,MEMBRES_ID,DATE_EMPRUNT,DATE_RETOUR) values ('43','2',to_date('2023-03-04','YYYY-MM-DD'),to_date('2023-04-09','YYYY-MM-DD'));
Insert into BO.EMPRUNTS (LIVRES_ID,MEMBRES_ID,DATE_EMPRUNT,DATE_RETOUR) values ('51','24',to_date('2022-08-04','YYYY-MM-DD'),null);
Insert into BO.EMPRUNTS (LIVRES_ID,MEMBRES_ID,DATE_EMPRUNT,DATE_RETOUR) values ('52','18',to_date('2021-11-29','YYYY-MM-DD'),to_date('2022-01-26','YYYY-MM-DD'));
Insert into BO.EMPRUNTS (LIVRES_ID,MEMBRES_ID,DATE_EMPRUNT,DATE_RETOUR) values ('24','47',to_date('2022-05-27','YYYY-MM-DD'),to_date('2022-06-27','YYYY-MM-DD'));
Insert into BO.EMPRUNTS (LIVRES_ID,MEMBRES_ID,DATE_EMPRUNT,DATE_RETOUR) values ('20','7',to_date('2023-05-05','YYYY-MM-DD'),to_date('2023-05-31','YYYY-MM-DD'));
Insert into BO.EMPRUNTS (LIVRES_ID,MEMBRES_ID,DATE_EMPRUNT,DATE_RETOUR) values ('38','16',to_date('2021-03-07','YYYY-MM-DD'),null);
Insert into BO.EMPRUNTS (LIVRES_ID,MEMBRES_ID,DATE_EMPRUNT,DATE_RETOUR) values ('2','1',to_date('2021-12-07','YYYY-MM-DD'),to_date('2022-01-14','YYYY-MM-DD'));
Insert into BO.EMPRUNTS (LIVRES_ID,MEMBRES_ID,DATE_EMPRUNT,DATE_RETOUR) values ('38','26',to_date('2023-04-26','YYYY-MM-DD'),to_date('2023-06-25','YYYY-MM-DD'));
Insert into BO.EMPRUNTS (LIVRES_ID,MEMBRES_ID,DATE_EMPRUNT,DATE_RETOUR) values ('36','47',to_date('2022-12-06','YYYY-MM-DD'),to_date('2023-02-10','YYYY-MM-DD'));
Insert into BO.EMPRUNTS (LIVRES_ID,MEMBRES_ID,DATE_EMPRUNT,DATE_RETOUR) values ('5','38',to_date('2023-05-05','YYYY-MM-DD'),to_date('2023-05-28','YYYY-MM-DD'));
Insert into BO.EMPRUNTS (LIVRES_ID,MEMBRES_ID,DATE_EMPRUNT,DATE_RETOUR) values ('14','11',to_date('2022-04-08','YYYY-MM-DD'),to_date('2022-04-28','YYYY-MM-DD'));
Insert into BO.EMPRUNTS (LIVRES_ID,MEMBRES_ID,DATE_EMPRUNT,DATE_RETOUR) values ('41','4',to_date('2023-07-28','YYYY-MM-DD'),null);
Insert into BO.EMPRUNTS (LIVRES_ID,MEMBRES_ID,DATE_EMPRUNT,DATE_RETOUR) values ('46','34',to_date('2020-09-19','YYYY-MM-DD'),to_date('2020-10-26','YYYY-MM-DD'));
Insert into BO.EMPRUNTS (LIVRES_ID,MEMBRES_ID,DATE_EMPRUNT,DATE_RETOUR) values ('25','47',to_date('2022-02-07','YYYY-MM-DD'),to_date('2022-03-23','YYYY-MM-DD'));
Insert into BO.EMPRUNTS (LIVRES_ID,MEMBRES_ID,DATE_EMPRUNT,DATE_RETOUR) values ('5','32',to_date('2023-06-27','YYYY-MM-DD'),null);
Insert into BO.EMPRUNTS (LIVRES_ID,MEMBRES_ID,DATE_EMPRUNT,DATE_RETOUR) values ('34','25',to_date('2022-09-10','YYYY-MM-DD'),to_date('2022-11-01','YYYY-MM-DD'));
Insert into BO.EMPRUNTS (LIVRES_ID,MEMBRES_ID,DATE_EMPRUNT,DATE_RETOUR) values ('31','39',to_date('2022-06-18','YYYY-MM-DD'),to_date('2022-08-11','YYYY-MM-DD'));
Insert into BO.EMPRUNTS (LIVRES_ID,MEMBRES_ID,DATE_EMPRUNT,DATE_RETOUR) values ('45','14',to_date('2022-12-14','YYYY-MM-DD'),to_date('2023-01-17','YYYY-MM-DD'));
Insert into BO.EMPRUNTS (LIVRES_ID,MEMBRES_ID,DATE_EMPRUNT,DATE_RETOUR) values ('53','25',to_date('2022-12-25','YYYY-MM-DD'),to_date('2023-02-27','YYYY-MM-DD'));
Insert into BO.EMPRUNTS (LIVRES_ID,MEMBRES_ID,DATE_EMPRUNT,DATE_RETOUR) values ('47','35',to_date('2020-09-10','YYYY-MM-DD'),to_date('2020-10-17','YYYY-MM-DD'));
Insert into BO.EMPRUNTS (LIVRES_ID,MEMBRES_ID,DATE_EMPRUNT,DATE_RETOUR) values ('22','16',to_date('2022-03-12','YYYY-MM-DD'),null);
Insert into BO.EMPRUNTS (LIVRES_ID,MEMBRES_ID,DATE_EMPRUNT,DATE_RETOUR) values ('46','28',to_date('2023-08-17','YYYY-MM-DD'),null);
Insert into BO.EMPRUNTS (LIVRES_ID,MEMBRES_ID,DATE_EMPRUNT,DATE_RETOUR) values ('16','23',to_date('2021-02-06','YYYY-MM-DD'),to_date('2021-04-19','YYYY-MM-DD'));
Insert into BO.EMPRUNTS (LIVRES_ID,MEMBRES_ID,DATE_EMPRUNT,DATE_RETOUR) values ('38','41',to_date('2021-08-06','YYYY-MM-DD'),null);
Insert into BO.EMPRUNTS (LIVRES_ID,MEMBRES_ID,DATE_EMPRUNT,DATE_RETOUR) values ('31','29',to_date('2022-10-18','YYYY-MM-DD'),to_date('2023-01-06','YYYY-MM-DD'));
Insert into BO.EMPRUNTS (LIVRES_ID,MEMBRES_ID,DATE_EMPRUNT,DATE_RETOUR) values ('14','33',to_date('2021-10-28','YYYY-MM-DD'),to_date('2022-01-16','YYYY-MM-DD'));
Insert into BO.EMPRUNTS (LIVRES_ID,MEMBRES_ID,DATE_EMPRUNT,DATE_RETOUR) values ('35','44',to_date('2020-11-08','YYYY-MM-DD'),null);
Insert into BO.EMPRUNTS (LIVRES_ID,MEMBRES_ID,DATE_EMPRUNT,DATE_RETOUR) values ('5','27',to_date('2021-08-04','YYYY-MM-DD'),to_date('2021-08-17','YYYY-MM-DD'));
Insert into BO.EMPRUNTS (LIVRES_ID,MEMBRES_ID,DATE_EMPRUNT,DATE_RETOUR) values ('36','34',to_date('2021-08-23','YYYY-MM-DD'),to_date('2021-10-31','YYYY-MM-DD'));
Insert into BO.EMPRUNTS (LIVRES_ID,MEMBRES_ID,DATE_EMPRUNT,DATE_RETOUR) values ('18','46',to_date('2021-07-05','YYYY-MM-DD'),to_date('2021-09-17','YYYY-MM-DD'));
Insert into BO.EMPRUNTS (LIVRES_ID,MEMBRES_ID,DATE_EMPRUNT,DATE_RETOUR) values ('40','5',to_date('2022-07-01','YYYY-MM-DD'),null);
Insert into BO.EMPRUNTS (LIVRES_ID,MEMBRES_ID,DATE_EMPRUNT,DATE_RETOUR) values ('39','28',to_date('2023-07-21','YYYY-MM-DD'),null);
Insert into BO.EMPRUNTS (LIVRES_ID,MEMBRES_ID,DATE_EMPRUNT,DATE_RETOUR) values ('3','38',to_date('2023-01-26','YYYY-MM-DD'),to_date('2023-03-20','YYYY-MM-DD'));
Insert into BO.EMPRUNTS (LIVRES_ID,MEMBRES_ID,DATE_EMPRUNT,DATE_RETOUR) values ('11','47',to_date('2021-02-26','YYYY-MM-DD'),to_date('2021-04-19','YYYY-MM-DD'));
Insert into BO.EMPRUNTS (LIVRES_ID,MEMBRES_ID,DATE_EMPRUNT,DATE_RETOUR) values ('51','46',to_date('2020-10-26','YYYY-MM-DD'),to_date('2021-01-13','YYYY-MM-DD'));
Insert into BO.EMPRUNTS (LIVRES_ID,MEMBRES_ID,DATE_EMPRUNT,DATE_RETOUR) values ('31','28',to_date('2021-02-15','YYYY-MM-DD'),to_date('2021-03-21','YYYY-MM-DD'));
Insert into BO.EMPRUNTS (LIVRES_ID,MEMBRES_ID,DATE_EMPRUNT,DATE_RETOUR) values ('44','38',to_date('2020-12-19','YYYY-MM-DD'),to_date('2021-01-22','YYYY-MM-DD'));
Insert into BO.EMPRUNTS (LIVRES_ID,MEMBRES_ID,DATE_EMPRUNT,DATE_RETOUR) values ('31','12',to_date('2021-04-08','YYYY-MM-DD'),to_date('2021-04-24','YYYY-MM-DD'));
Insert into BO.EMPRUNTS (LIVRES_ID,MEMBRES_ID,DATE_EMPRUNT,DATE_RETOUR) values ('41','27',to_date('2020-12-03','YYYY-MM-DD'),to_date('2021-01-27','YYYY-MM-DD'));
Insert into BO.EMPRUNTS (LIVRES_ID,MEMBRES_ID,DATE_EMPRUNT,DATE_RETOUR) values ('38','1',to_date('2022-05-15','YYYY-MM-DD'),null);
Insert into BO.EMPRUNTS (LIVRES_ID,MEMBRES_ID,DATE_EMPRUNT,DATE_RETOUR) values ('29','32',to_date('2021-10-23','YYYY-MM-DD'),to_date('2021-11-03','YYYY-MM-DD'));
Insert into BO.EMPRUNTS (LIVRES_ID,MEMBRES_ID,DATE_EMPRUNT,DATE_RETOUR) values ('3','22',to_date('2020-09-12','YYYY-MM-DD'),to_date('2020-11-22','YYYY-MM-DD'));
Insert into BO.EMPRUNTS (LIVRES_ID,MEMBRES_ID,DATE_EMPRUNT,DATE_RETOUR) values ('7','21',to_date('2021-03-02','YYYY-MM-DD'),null);
Insert into BO.EMPRUNTS (LIVRES_ID,MEMBRES_ID,DATE_EMPRUNT,DATE_RETOUR) values ('23','5',to_date('2022-10-30','YYYY-MM-DD'),to_date('2023-01-15','YYYY-MM-DD'));
Insert into BO.EMPRUNTS (LIVRES_ID,MEMBRES_ID,DATE_EMPRUNT,DATE_RETOUR) values ('36','44',to_date('2022-12-02','YYYY-MM-DD'),null);
Insert into BO.EMPRUNTS (LIVRES_ID,MEMBRES_ID,DATE_EMPRUNT,DATE_RETOUR) values ('26','44',to_date('2022-08-23','YYYY-MM-DD'),null);
Insert into BO.EMPRUNTS (LIVRES_ID,MEMBRES_ID,DATE_EMPRUNT,DATE_RETOUR) values ('23','11',to_date('2022-12-12','YYYY-MM-DD'),to_date('2023-02-10','YYYY-MM-DD'));
Insert into BO.EMPRUNTS (LIVRES_ID,MEMBRES_ID,DATE_EMPRUNT,DATE_RETOUR) values ('27','12',to_date('2022-10-25','YYYY-MM-DD'),to_date('2022-11-17','YYYY-MM-DD'));
Insert into BO.EMPRUNTS (LIVRES_ID,MEMBRES_ID,DATE_EMPRUNT,DATE_RETOUR) values ('13','9',to_date('2022-07-13','YYYY-MM-DD'),null);
Insert into BO.EMPRUNTS (LIVRES_ID,MEMBRES_ID,DATE_EMPRUNT,DATE_RETOUR) values ('27','15',to_date('2021-05-10','YYYY-MM-DD'),to_date('2021-07-12','YYYY-MM-DD'));
Insert into BO.EMPRUNTS (LIVRES_ID,MEMBRES_ID,DATE_EMPRUNT,DATE_RETOUR) values ('44','33',to_date('2022-12-01','YYYY-MM-DD'),null);
Insert into BO.EMPRUNTS (LIVRES_ID,MEMBRES_ID,DATE_EMPRUNT,DATE_RETOUR) values ('49','32',to_date('2021-12-27','YYYY-MM-DD'),to_date('2022-02-04','YYYY-MM-DD'));
Insert into BO.EMPRUNTS (LIVRES_ID,MEMBRES_ID,DATE_EMPRUNT,DATE_RETOUR) values ('53','17',to_date('2020-10-26','YYYY-MM-DD'),null);
Insert into BO.EMPRUNTS (LIVRES_ID,MEMBRES_ID,DATE_EMPRUNT,DATE_RETOUR) values ('48','13',to_date('2023-04-19','YYYY-MM-DD'),to_date('2023-06-14','YYYY-MM-DD'));
Insert into BO.EMPRUNTS (LIVRES_ID,MEMBRES_ID,DATE_EMPRUNT,DATE_RETOUR) values ('33','43',to_date('2020-10-23','YYYY-MM-DD'),to_date('2020-11-30','YYYY-MM-DD'));
Insert into BO.EMPRUNTS (LIVRES_ID,MEMBRES_ID,DATE_EMPRUNT,DATE_RETOUR) values ('9','9',to_date('2021-10-10','YYYY-MM-DD'),to_date('2021-10-20','YYYY-MM-DD'));
Insert into BO.EMPRUNTS (LIVRES_ID,MEMBRES_ID,DATE_EMPRUNT,DATE_RETOUR) values ('35','9',to_date('2021-01-22','YYYY-MM-DD'),to_date('2021-02-01','YYYY-MM-DD'));
Insert into BO.EMPRUNTS (LIVRES_ID,MEMBRES_ID,DATE_EMPRUNT,DATE_RETOUR) values ('13','4',to_date('2021-01-24','YYYY-MM-DD'),to_date('2021-04-05','YYYY-MM-DD'));
Insert into BO.EMPRUNTS (LIVRES_ID,MEMBRES_ID,DATE_EMPRUNT,DATE_RETOUR) values ('56','2',to_date('2023-02-16','YYYY-MM-DD'),to_date('2023-05-04','YYYY-MM-DD'));
Insert into BO.EMPRUNTS (LIVRES_ID,MEMBRES_ID,DATE_EMPRUNT,DATE_RETOUR) values ('23','41',to_date('2020-11-16','YYYY-MM-DD'),to_date('2020-12-31','YYYY-MM-DD'));
Insert into BO.EMPRUNTS (LIVRES_ID,MEMBRES_ID,DATE_EMPRUNT,DATE_RETOUR) values ('34','7',to_date('2020-12-24','YYYY-MM-DD'),to_date('2021-01-22','YYYY-MM-DD'));
Insert into BO.EMPRUNTS (LIVRES_ID,MEMBRES_ID,DATE_EMPRUNT,DATE_RETOUR) values ('52','44',to_date('2022-12-27','YYYY-MM-DD'),to_date('2023-03-10','YYYY-MM-DD'));
Insert into BO.EMPRUNTS (LIVRES_ID,MEMBRES_ID,DATE_EMPRUNT,DATE_RETOUR) values ('10','24',to_date('2020-11-17','YYYY-MM-DD'),to_date('2020-12-11','YYYY-MM-DD'));
Insert into BO.EMPRUNTS (LIVRES_ID,MEMBRES_ID,DATE_EMPRUNT,DATE_RETOUR) values ('55','12',to_date('2023-02-04','YYYY-MM-DD'),to_date('2023-04-24','YYYY-MM-DD'));
Insert into BO.EMPRUNTS (LIVRES_ID,MEMBRES_ID,DATE_EMPRUNT,DATE_RETOUR) values ('11','35',to_date('2023-08-09','YYYY-MM-DD'),to_date('2023-10-13','YYYY-MM-DD'));
Insert into BO.EMPRUNTS (LIVRES_ID,MEMBRES_ID,DATE_EMPRUNT,DATE_RETOUR) values ('28','27',to_date('2021-08-12','YYYY-MM-DD'),to_date('2021-09-21','YYYY-MM-DD'));
Insert into BO.EMPRUNTS (LIVRES_ID,MEMBRES_ID,DATE_EMPRUNT,DATE_RETOUR) values ('45','18',to_date('2022-08-26','YYYY-MM-DD'),to_date('2022-09-29','YYYY-MM-DD'));
Insert into BO.EMPRUNTS (LIVRES_ID,MEMBRES_ID,DATE_EMPRUNT,DATE_RETOUR) values ('37','16',to_date('2021-03-16','YYYY-MM-DD'),to_date('2021-04-08','YYYY-MM-DD'));
Insert into BO.EMPRUNTS (LIVRES_ID,MEMBRES_ID,DATE_EMPRUNT,DATE_RETOUR) values ('14','41',to_date('2021-08-24','YYYY-MM-DD'),null);
Insert into BO.EMPRUNTS (LIVRES_ID,MEMBRES_ID,DATE_EMPRUNT,DATE_RETOUR) values ('26','38',to_date('2022-10-27','YYYY-MM-DD'),to_date('2022-12-21','YYYY-MM-DD'));
Insert into BO.EMPRUNTS (LIVRES_ID,MEMBRES_ID,DATE_EMPRUNT,DATE_RETOUR) values ('22','42',to_date('2022-03-21','YYYY-MM-DD'),to_date('2022-05-05','YYYY-MM-DD'));
Insert into BO.EMPRUNTS (LIVRES_ID,MEMBRES_ID,DATE_EMPRUNT,DATE_RETOUR) values ('8','16',to_date('2021-08-17','YYYY-MM-DD'),to_date('2021-08-29','YYYY-MM-DD'));
Insert into BO.EMPRUNTS (LIVRES_ID,MEMBRES_ID,DATE_EMPRUNT,DATE_RETOUR) values ('28','41',to_date('2023-07-27','YYYY-MM-DD'),to_date('2023-08-13','YYYY-MM-DD'));
Insert into BO.EMPRUNTS (LIVRES_ID,MEMBRES_ID,DATE_EMPRUNT,DATE_RETOUR) values ('13','19',to_date('2023-04-10','YYYY-MM-DD'),to_date('2023-05-15','YYYY-MM-DD'));
Insert into BO.EMPRUNTS (LIVRES_ID,MEMBRES_ID,DATE_EMPRUNT,DATE_RETOUR) values ('6','46',to_date('2020-12-10','YYYY-MM-DD'),to_date('2021-02-02','YYYY-MM-DD'));
Insert into BO.EMPRUNTS (LIVRES_ID,MEMBRES_ID,DATE_EMPRUNT,DATE_RETOUR) values ('29','38',to_date('2022-04-14','YYYY-MM-DD'),to_date('2022-04-24','YYYY-MM-DD'));
Insert into BO.EMPRUNTS (LIVRES_ID,MEMBRES_ID,DATE_EMPRUNT,DATE_RETOUR) values ('48','26',to_date('2021-10-27','YYYY-MM-DD'),to_date('2021-12-07','YYYY-MM-DD'));
Insert into BO.EMPRUNTS (LIVRES_ID,MEMBRES_ID,DATE_EMPRUNT,DATE_RETOUR) values ('4','27',to_date('2021-03-21','YYYY-MM-DD'),to_date('2021-05-24','YYYY-MM-DD'));
Insert into BO.EMPRUNTS (LIVRES_ID,MEMBRES_ID,DATE_EMPRUNT,DATE_RETOUR) values ('18','44',to_date('2023-06-14','YYYY-MM-DD'),to_date('2023-07-20','YYYY-MM-DD'));
Insert into BO.EMPRUNTS (LIVRES_ID,MEMBRES_ID,DATE_EMPRUNT,DATE_RETOUR) values ('34','41',to_date('2022-02-18','YYYY-MM-DD'),null);
Insert into BO.EMPRUNTS (LIVRES_ID,MEMBRES_ID,DATE_EMPRUNT,DATE_RETOUR) values ('17','4',to_date('2021-08-08','YYYY-MM-DD'),to_date('2021-09-23','YYYY-MM-DD'));
Insert into BO.EMPRUNTS (LIVRES_ID,MEMBRES_ID,DATE_EMPRUNT,DATE_RETOUR) values ('26','43',to_date('2023-08-08','YYYY-MM-DD'),to_date('2023-09-19','YYYY-MM-DD'));
Insert into BO.EMPRUNTS (LIVRES_ID,MEMBRES_ID,DATE_EMPRUNT,DATE_RETOUR) values ('45','35',to_date('2020-11-08','YYYY-MM-DD'),to_date('2021-01-15','YYYY-MM-DD'));
Insert into BO.EMPRUNTS (LIVRES_ID,MEMBRES_ID,DATE_EMPRUNT,DATE_RETOUR) values ('1','1',to_date('2023-04-08','YYYY-MM-DD'),to_date('2023-05-13','YYYY-MM-DD'));
Insert into BO.EMPRUNTS (LIVRES_ID,MEMBRES_ID,DATE_EMPRUNT,DATE_RETOUR) values ('2','7',to_date('2023-02-13','YYYY-MM-DD'),to_date('2023-03-21','YYYY-MM-DD'));
Insert into BO.EMPRUNTS (LIVRES_ID,MEMBRES_ID,DATE_EMPRUNT,DATE_RETOUR) values ('11','41',to_date('2023-06-16','YYYY-MM-DD'),to_date('2023-08-15','YYYY-MM-DD'));
Insert into BO.EMPRUNTS (LIVRES_ID,MEMBRES_ID,DATE_EMPRUNT,DATE_RETOUR) values ('20','26',to_date('2022-08-03','YYYY-MM-DD'),to_date('2022-10-22','YYYY-MM-DD'));
Insert into BO.EMPRUNTS (LIVRES_ID,MEMBRES_ID,DATE_EMPRUNT,DATE_RETOUR) values ('8','47',to_date('2021-12-27','YYYY-MM-DD'),null);
Insert into BO.EMPRUNTS (LIVRES_ID,MEMBRES_ID,DATE_EMPRUNT,DATE_RETOUR) values ('10','43',to_date('2020-11-01','YYYY-MM-DD'),null);
Insert into BO.EMPRUNTS (LIVRES_ID,MEMBRES_ID,DATE_EMPRUNT,DATE_RETOUR) values ('26','39',to_date('2023-02-04','YYYY-MM-DD'),to_date('2023-04-10','YYYY-MM-DD'));
Insert into BO.EMPRUNTS (LIVRES_ID,MEMBRES_ID,DATE_EMPRUNT,DATE_RETOUR) values ('1','31',to_date('2023-06-04','YYYY-MM-DD'),to_date('2023-07-07','YYYY-MM-DD'));
Insert into BO.EMPRUNTS (LIVRES_ID,MEMBRES_ID,DATE_EMPRUNT,DATE_RETOUR) values ('13','5',to_date('2022-01-17','YYYY-MM-DD'),to_date('2022-03-29','YYYY-MM-DD'));
Insert into BO.EMPRUNTS (LIVRES_ID,MEMBRES_ID,DATE_EMPRUNT,DATE_RETOUR) values ('11','9',to_date('2022-09-09','YYYY-MM-DD'),to_date('2022-10-14','YYYY-MM-DD'));
Insert into BO.EMPRUNTS (LIVRES_ID,MEMBRES_ID,DATE_EMPRUNT,DATE_RETOUR) values ('55','1',to_date('2021-03-08','YYYY-MM-DD'),to_date('2021-05-05','YYYY-MM-DD'));
Insert into BO.EMPRUNTS (LIVRES_ID,MEMBRES_ID,DATE_EMPRUNT,DATE_RETOUR) values ('9','23',to_date('2021-09-25','YYYY-MM-DD'),to_date('2021-10-18','YYYY-MM-DD'));
Insert into BO.EMPRUNTS (LIVRES_ID,MEMBRES_ID,DATE_EMPRUNT,DATE_RETOUR) values ('8','35',to_date('2023-02-26','YYYY-MM-DD'),to_date('2023-04-30','YYYY-MM-DD'));
Insert into BO.EMPRUNTS (LIVRES_ID,MEMBRES_ID,DATE_EMPRUNT,DATE_RETOUR) values ('2','5',to_date('2022-08-08','YYYY-MM-DD'),to_date('2022-10-26','YYYY-MM-DD'));
Insert into BO.EMPRUNTS (LIVRES_ID,MEMBRES_ID,DATE_EMPRUNT,DATE_RETOUR) values ('3','2',to_date('2022-05-04','YYYY-MM-DD'),to_date('2022-06-23','YYYY-MM-DD'));
Insert into BO.EMPRUNTS (LIVRES_ID,MEMBRES_ID,DATE_EMPRUNT,DATE_RETOUR) values ('27','45',to_date('2022-04-17','YYYY-MM-DD'),null);
Insert into BO.EMPRUNTS (LIVRES_ID,MEMBRES_ID,DATE_EMPRUNT,DATE_RETOUR) values ('11','13',to_date('2020-09-22','YYYY-MM-DD'),null);
Insert into BO.EMPRUNTS (LIVRES_ID,MEMBRES_ID,DATE_EMPRUNT,DATE_RETOUR) values ('15','45',to_date('2022-11-18','YYYY-MM-DD'),null);
Insert into BO.EMPRUNTS (LIVRES_ID,MEMBRES_ID,DATE_EMPRUNT,DATE_RETOUR) values ('1','15',to_date('2023-02-05','YYYY-MM-DD'),null);
Insert into BO.EMPRUNTS (LIVRES_ID,MEMBRES_ID,DATE_EMPRUNT,DATE_RETOUR) values ('56','2',to_date('2021-11-17','YYYY-MM-DD'),null);
Insert into BO.EMPRUNTS (LIVRES_ID,MEMBRES_ID,DATE_EMPRUNT,DATE_RETOUR) values ('38','46',to_date('2021-08-06','YYYY-MM-DD'),to_date('2021-09-11','YYYY-MM-DD'));
Insert into BO.EMPRUNTS (LIVRES_ID,MEMBRES_ID,DATE_EMPRUNT,DATE_RETOUR) values ('20','15',to_date('2022-02-23','YYYY-MM-DD'),null);
Insert into BO.EMPRUNTS (LIVRES_ID,MEMBRES_ID,DATE_EMPRUNT,DATE_RETOUR) values ('34','25',to_date('2022-11-08','YYYY-MM-DD'),to_date('2022-12-22','YYYY-MM-DD'));
Insert into BO.EMPRUNTS (LIVRES_ID,MEMBRES_ID,DATE_EMPRUNT,DATE_RETOUR) values ('34','6',to_date('2021-07-16','YYYY-MM-DD'),to_date('2021-08-03','YYYY-MM-DD'));
Insert into BO.EMPRUNTS (LIVRES_ID,MEMBRES_ID,DATE_EMPRUNT,DATE_RETOUR) values ('52','21',to_date('2022-07-15','YYYY-MM-DD'),to_date('2022-08-07','YYYY-MM-DD'));
Insert into BO.EMPRUNTS (LIVRES_ID,MEMBRES_ID,DATE_EMPRUNT,DATE_RETOUR) values ('30','26',to_date('2021-04-24','YYYY-MM-DD'),null);
Insert into BO.EMPRUNTS (LIVRES_ID,MEMBRES_ID,DATE_EMPRUNT,DATE_RETOUR) values ('4','18',to_date('2023-02-28','YYYY-MM-DD'),to_date('2023-04-11','YYYY-MM-DD'));
Insert into BO.EMPRUNTS (LIVRES_ID,MEMBRES_ID,DATE_EMPRUNT,DATE_RETOUR) values ('30','6',to_date('2023-03-09','YYYY-MM-DD'),null);
Insert into BO.EMPRUNTS (LIVRES_ID,MEMBRES_ID,DATE_EMPRUNT,DATE_RETOUR) values ('3','32',to_date('2021-09-17','YYYY-MM-DD'),to_date('2021-10-09','YYYY-MM-DD'));
Insert into BO.EMPRUNTS (LIVRES_ID,MEMBRES_ID,DATE_EMPRUNT,DATE_RETOUR) values ('15','22',to_date('2022-11-05','YYYY-MM-DD'),null);
Insert into BO.EMPRUNTS (LIVRES_ID,MEMBRES_ID,DATE_EMPRUNT,DATE_RETOUR) values ('30','11',to_date('2020-12-27','YYYY-MM-DD'),null);
Insert into BO.EMPRUNTS (LIVRES_ID,MEMBRES_ID,DATE_EMPRUNT,DATE_RETOUR) values ('41','18',to_date('2023-04-28','YYYY-MM-DD'),null);
Insert into BO.EMPRUNTS (LIVRES_ID,MEMBRES_ID,DATE_EMPRUNT,DATE_RETOUR) values ('44','36',to_date('2021-11-17','YYYY-MM-DD'),to_date('2022-01-24','YYYY-MM-DD'));
Insert into BO.EMPRUNTS (LIVRES_ID,MEMBRES_ID,DATE_EMPRUNT,DATE_RETOUR) values ('57','4',to_date('2021-10-16','YYYY-MM-DD'),to_date('2021-11-19','YYYY-MM-DD'));
Insert into BO.EMPRUNTS (LIVRES_ID,MEMBRES_ID,DATE_EMPRUNT,DATE_RETOUR) values ('49','3',to_date('2020-08-25','YYYY-MM-DD'),null);
Insert into BO.EMPRUNTS (LIVRES_ID,MEMBRES_ID,DATE_EMPRUNT,DATE_RETOUR) values ('48','3',to_date('2023-05-01','YYYY-MM-DD'),to_date('2023-06-26','YYYY-MM-DD'));
Insert into BO.EMPRUNTS (LIVRES_ID,MEMBRES_ID,DATE_EMPRUNT,DATE_RETOUR) values ('8','8',to_date('2021-12-15','YYYY-MM-DD'),null);
Insert into BO.EMPRUNTS (LIVRES_ID,MEMBRES_ID,DATE_EMPRUNT,DATE_RETOUR) values ('19','16',to_date('2021-11-18','YYYY-MM-DD'),to_date('2021-12-31','YYYY-MM-DD'));
Insert into BO.EMPRUNTS (LIVRES_ID,MEMBRES_ID,DATE_EMPRUNT,DATE_RETOUR) values ('34','46',to_date('2021-11-19','YYYY-MM-DD'),to_date('2021-12-04','YYYY-MM-DD'));
Insert into BO.EMPRUNTS (LIVRES_ID,MEMBRES_ID,DATE_EMPRUNT,DATE_RETOUR) values ('49','31',to_date('2020-12-13','YYYY-MM-DD'),to_date('2021-01-13','YYYY-MM-DD'));
Insert into BO.EMPRUNTS (LIVRES_ID,MEMBRES_ID,DATE_EMPRUNT,DATE_RETOUR) values ('45','16',to_date('2021-09-20','YYYY-MM-DD'),null);
Insert into BO.EMPRUNTS (LIVRES_ID,MEMBRES_ID,DATE_EMPRUNT,DATE_RETOUR) values ('2','12',to_date('2022-03-16','YYYY-MM-DD'),null);
Insert into BO.EMPRUNTS (LIVRES_ID,MEMBRES_ID,DATE_EMPRUNT,DATE_RETOUR) values ('35','7',to_date('2020-11-13','YYYY-MM-DD'),to_date('2021-01-29','YYYY-MM-DD'));
Insert into BO.EMPRUNTS (LIVRES_ID,MEMBRES_ID,DATE_EMPRUNT,DATE_RETOUR) values ('3','39',to_date('2023-07-29','YYYY-MM-DD'),null);
Insert into BO.EMPRUNTS (LIVRES_ID,MEMBRES_ID,DATE_EMPRUNT,DATE_RETOUR) values ('50','15',to_date('2021-03-27','YYYY-MM-DD'),to_date('2021-05-24','YYYY-MM-DD'));
Insert into BO.EMPRUNTS (LIVRES_ID,MEMBRES_ID,DATE_EMPRUNT,DATE_RETOUR) values ('43','3',to_date('2023-07-13','YYYY-MM-DD'),null);
Insert into BO.EMPRUNTS (LIVRES_ID,MEMBRES_ID,DATE_EMPRUNT,DATE_RETOUR) values ('4','15',to_date('2020-10-30','YYYY-MM-DD'),to_date('2020-11-10','YYYY-MM-DD'));
Insert into BO.EMPRUNTS (LIVRES_ID,MEMBRES_ID,DATE_EMPRUNT,DATE_RETOUR) values ('21','12',to_date('2022-12-28','YYYY-MM-DD'),to_date('2023-03-07','YYYY-MM-DD'));
Insert into BO.EMPRUNTS (LIVRES_ID,MEMBRES_ID,DATE_EMPRUNT,DATE_RETOUR) values ('18','28',to_date('2022-03-27','YYYY-MM-DD'),to_date('2022-05-23','YYYY-MM-DD'));
Insert into BO.EMPRUNTS (LIVRES_ID,MEMBRES_ID,DATE_EMPRUNT,DATE_RETOUR) values ('16','27',to_date('2022-02-23','YYYY-MM-DD'),to_date('2022-03-11','YYYY-MM-DD'));
Insert into BO.EMPRUNTS (LIVRES_ID,MEMBRES_ID,DATE_EMPRUNT,DATE_RETOUR) values ('46','21',to_date('2023-05-21','YYYY-MM-DD'),to_date('2023-05-31','YYYY-MM-DD'));
Insert into BO.EMPRUNTS (LIVRES_ID,MEMBRES_ID,DATE_EMPRUNT,DATE_RETOUR) values ('33','21',to_date('2023-04-29','YYYY-MM-DD'),to_date('2023-07-02','YYYY-MM-DD'));
Insert into BO.EMPRUNTS (LIVRES_ID,MEMBRES_ID,DATE_EMPRUNT,DATE_RETOUR) values ('15','37',to_date('2021-01-29','YYYY-MM-DD'),null);
Insert into BO.EMPRUNTS (LIVRES_ID,MEMBRES_ID,DATE_EMPRUNT,DATE_RETOUR) values ('17','24',to_date('2022-06-02','YYYY-MM-DD'),to_date('2022-07-16','YYYY-MM-DD'));
Insert into BO.EMPRUNTS (LIVRES_ID,MEMBRES_ID,DATE_EMPRUNT,DATE_RETOUR) values ('21','25',to_date('2022-07-28','YYYY-MM-DD'),to_date('2022-08-30','YYYY-MM-DD'));
Insert into BO.EMPRUNTS (LIVRES_ID,MEMBRES_ID,DATE_EMPRUNT,DATE_RETOUR) values ('30','14',to_date('2021-10-09','YYYY-MM-DD'),to_date('2021-12-05','YYYY-MM-DD'));
Insert into BO.EMPRUNTS (LIVRES_ID,MEMBRES_ID,DATE_EMPRUNT,DATE_RETOUR) values ('9','38',to_date('2022-09-24','YYYY-MM-DD'),to_date('2022-10-14','YYYY-MM-DD'));
Insert into BO.EMPRUNTS (LIVRES_ID,MEMBRES_ID,DATE_EMPRUNT,DATE_RETOUR) values ('38','9',to_date('2023-03-23','YYYY-MM-DD'),to_date('2023-05-11','YYYY-MM-DD'));
Insert into BO.EMPRUNTS (LIVRES_ID,MEMBRES_ID,DATE_EMPRUNT,DATE_RETOUR) values ('46','9',to_date('2022-02-04','YYYY-MM-DD'),to_date('2022-03-21','YYYY-MM-DD'));
Insert into BO.EMPRUNTS (LIVRES_ID,MEMBRES_ID,DATE_EMPRUNT,DATE_RETOUR) values ('38','33',to_date('2021-09-04','YYYY-MM-DD'),to_date('2021-11-14','YYYY-MM-DD'));
Insert into BO.EMPRUNTS (LIVRES_ID,MEMBRES_ID,DATE_EMPRUNT,DATE_RETOUR) values ('29','17',to_date('2021-12-17','YYYY-MM-DD'),to_date('2022-02-01','YYYY-MM-DD'));
Insert into BO.EMPRUNTS (LIVRES_ID,MEMBRES_ID,DATE_EMPRUNT,DATE_RETOUR) values ('53','26',to_date('2023-04-30','YYYY-MM-DD'),null);
Insert into BO.EMPRUNTS (LIVRES_ID,MEMBRES_ID,DATE_EMPRUNT,DATE_RETOUR) values ('40','21',to_date('2022-01-29','YYYY-MM-DD'),to_date('2022-03-17','YYYY-MM-DD'));
Insert into BO.EMPRUNTS (LIVRES_ID,MEMBRES_ID,DATE_EMPRUNT,DATE_RETOUR) values ('45','42',to_date('2023-03-26','YYYY-MM-DD'),null);
Insert into BO.EMPRUNTS (LIVRES_ID,MEMBRES_ID,DATE_EMPRUNT,DATE_RETOUR) values ('26','29',to_date('2020-09-08','YYYY-MM-DD'),to_date('2020-10-06','YYYY-MM-DD'));
Insert into BO.EMPRUNTS (LIVRES_ID,MEMBRES_ID,DATE_EMPRUNT,DATE_RETOUR) values ('54','5',to_date('2022-06-16','YYYY-MM-DD'),to_date('2022-08-20','YYYY-MM-DD'));
Insert into BO.EMPRUNTS (LIVRES_ID,MEMBRES_ID,DATE_EMPRUNT,DATE_RETOUR) values ('25','43',to_date('2023-02-22','YYYY-MM-DD'),null);
Insert into BO.EMPRUNTS (LIVRES_ID,MEMBRES_ID,DATE_EMPRUNT,DATE_RETOUR) values ('37','3',to_date('2020-11-05','YYYY-MM-DD'),null);
Insert into BO.EMPRUNTS (LIVRES_ID,MEMBRES_ID,DATE_EMPRUNT,DATE_RETOUR) values ('3','16',to_date('2022-01-30','YYYY-MM-DD'),null);
Insert into BO.EMPRUNTS (LIVRES_ID,MEMBRES_ID,DATE_EMPRUNT,DATE_RETOUR) values ('28','15',to_date('2023-06-07','YYYY-MM-DD'),to_date('2023-07-07','YYYY-MM-DD'));
Insert into BO.EMPRUNTS (LIVRES_ID,MEMBRES_ID,DATE_EMPRUNT,DATE_RETOUR) values ('1','32',to_date('2022-04-06','YYYY-MM-DD'),to_date('2022-06-01','YYYY-MM-DD'));
Insert into BO.EMPRUNTS (LIVRES_ID,MEMBRES_ID,DATE_EMPRUNT,DATE_RETOUR) values ('30','4',to_date('2023-02-04','YYYY-MM-DD'),null);
Insert into BO.EMPRUNTS (LIVRES_ID,MEMBRES_ID,DATE_EMPRUNT,DATE_RETOUR) values ('46','41',to_date('2021-12-21','YYYY-MM-DD'),to_date('2022-02-07','YYYY-MM-DD'));
Insert into BO.EMPRUNTS (LIVRES_ID,MEMBRES_ID,DATE_EMPRUNT,DATE_RETOUR) values ('56','28',to_date('2021-05-20','YYYY-MM-DD'),to_date('2021-08-02','YYYY-MM-DD'));
Insert into BO.EMPRUNTS (LIVRES_ID,MEMBRES_ID,DATE_EMPRUNT,DATE_RETOUR) values ('56','6',to_date('2022-11-14','YYYY-MM-DD'),to_date('2022-12-02','YYYY-MM-DD'));
Insert into BO.EMPRUNTS (LIVRES_ID,MEMBRES_ID,DATE_EMPRUNT,DATE_RETOUR) values ('24','46',to_date('2023-06-28','YYYY-MM-DD'),to_date('2023-07-27','YYYY-MM-DD'));
Insert into BO.EMPRUNTS (LIVRES_ID,MEMBRES_ID,DATE_EMPRUNT,DATE_RETOUR) values ('22','26',to_date('2020-09-17','YYYY-MM-DD'),to_date('2020-09-27','YYYY-MM-DD'));
Insert into BO.EMPRUNTS (LIVRES_ID,MEMBRES_ID,DATE_EMPRUNT,DATE_RETOUR) values ('17','6',to_date('2021-12-06','YYYY-MM-DD'),to_date('2022-02-22','YYYY-MM-DD'));
Insert into BO.EMPRUNTS (LIVRES_ID,MEMBRES_ID,DATE_EMPRUNT,DATE_RETOUR) values ('48','46',to_date('2021-06-10','YYYY-MM-DD'),to_date('2021-07-08','YYYY-MM-DD'));
Insert into BO.EMPRUNTS (LIVRES_ID,MEMBRES_ID,DATE_EMPRUNT,DATE_RETOUR) values ('34','26',to_date('2023-02-09','YYYY-MM-DD'),to_date('2023-04-27','YYYY-MM-DD'));
Insert into BO.EMPRUNTS (LIVRES_ID,MEMBRES_ID,DATE_EMPRUNT,DATE_RETOUR) values ('38','29',to_date('2023-05-18','YYYY-MM-DD'),to_date('2023-06-05','YYYY-MM-DD'));
Insert into BO.EMPRUNTS (LIVRES_ID,MEMBRES_ID,DATE_EMPRUNT,DATE_RETOUR) values ('46','2',to_date('2023-02-07','YYYY-MM-DD'),to_date('2023-04-11','YYYY-MM-DD'));
Insert into BO.EMPRUNTS (LIVRES_ID,MEMBRES_ID,DATE_EMPRUNT,DATE_RETOUR) values ('37','14',to_date('2022-09-13','YYYY-MM-DD'),to_date('2022-11-25','YYYY-MM-DD'));
Insert into BO.EMPRUNTS (LIVRES_ID,MEMBRES_ID,DATE_EMPRUNT,DATE_RETOUR) values ('10','9',to_date('2021-09-22','YYYY-MM-DD'),to_date('2021-10-18','YYYY-MM-DD'));
Insert into BO.EMPRUNTS (LIVRES_ID,MEMBRES_ID,DATE_EMPRUNT,DATE_RETOUR) values ('34','44',to_date('2021-09-28','YYYY-MM-DD'),to_date('2021-12-09','YYYY-MM-DD'));
Insert into BO.EMPRUNTS (LIVRES_ID,MEMBRES_ID,DATE_EMPRUNT,DATE_RETOUR) values ('26','29',to_date('2021-11-03','YYYY-MM-DD'),to_date('2022-01-19','YYYY-MM-DD'));
Insert into BO.EMPRUNTS (LIVRES_ID,MEMBRES_ID,DATE_EMPRUNT,DATE_RETOUR) values ('16','35',to_date('2022-09-17','YYYY-MM-DD'),to_date('2022-10-04','YYYY-MM-DD'));
Insert into BO.EMPRUNTS (LIVRES_ID,MEMBRES_ID,DATE_EMPRUNT,DATE_RETOUR) values ('56','36',to_date('2021-10-20','YYYY-MM-DD'),to_date('2022-01-07','YYYY-MM-DD'));
Insert into BO.EMPRUNTS (LIVRES_ID,MEMBRES_ID,DATE_EMPRUNT,DATE_RETOUR) values ('40','28',to_date('2022-08-03','YYYY-MM-DD'),to_date('2022-08-22','YYYY-MM-DD'));
Insert into BO.EMPRUNTS (LIVRES_ID,MEMBRES_ID,DATE_EMPRUNT,DATE_RETOUR) values ('27','21',to_date('2022-05-28','YYYY-MM-DD'),to_date('2022-06-16','YYYY-MM-DD'));
Insert into BO.EMPRUNTS (LIVRES_ID,MEMBRES_ID,DATE_EMPRUNT,DATE_RETOUR) values ('15','2',to_date('2022-01-19','YYYY-MM-DD'),null);
Insert into BO.EMPRUNTS (LIVRES_ID,MEMBRES_ID,DATE_EMPRUNT,DATE_RETOUR) values ('5','31',to_date('2023-06-17','YYYY-MM-DD'),to_date('2023-07-15','YYYY-MM-DD'));
Insert into BO.EMPRUNTS (LIVRES_ID,MEMBRES_ID,DATE_EMPRUNT,DATE_RETOUR) values ('35','17',to_date('2023-02-14','YYYY-MM-DD'),null);
Insert into BO.EMPRUNTS (LIVRES_ID,MEMBRES_ID,DATE_EMPRUNT,DATE_RETOUR) values ('44','2',to_date('2023-04-02','YYYY-MM-DD'),to_date('2023-05-19','YYYY-MM-DD'));
Insert into BO.EMPRUNTS (LIVRES_ID,MEMBRES_ID,DATE_EMPRUNT,DATE_RETOUR) values ('11','2',to_date('2022-06-02','YYYY-MM-DD'),to_date('2022-08-07','YYYY-MM-DD'));
Insert into BO.EMPRUNTS (LIVRES_ID,MEMBRES_ID,DATE_EMPRUNT,DATE_RETOUR) values ('40','18',to_date('2023-04-18','YYYY-MM-DD'),null);
Insert into BO.EMPRUNTS (LIVRES_ID,MEMBRES_ID,DATE_EMPRUNT,DATE_RETOUR) values ('18','46',to_date('2020-12-16','YYYY-MM-DD'),to_date('2021-01-23','YYYY-MM-DD'));
Insert into BO.EMPRUNTS (LIVRES_ID,MEMBRES_ID,DATE_EMPRUNT,DATE_RETOUR) values ('2','38',to_date('2021-08-12','YYYY-MM-DD'),to_date('2021-08-27','YYYY-MM-DD'));
Insert into BO.EMPRUNTS (LIVRES_ID,MEMBRES_ID,DATE_EMPRUNT,DATE_RETOUR) values ('29','42',to_date('2021-11-10','YYYY-MM-DD'),to_date('2022-01-16','YYYY-MM-DD'));
Insert into BO.EMPRUNTS (LIVRES_ID,MEMBRES_ID,DATE_EMPRUNT,DATE_RETOUR) values ('33','44',to_date('2021-06-28','YYYY-MM-DD'),to_date('2021-07-25','YYYY-MM-DD'));
Insert into BO.EMPRUNTS (LIVRES_ID,MEMBRES_ID,DATE_EMPRUNT,DATE_RETOUR) values ('17','25',to_date('2022-04-25','YYYY-MM-DD'),to_date('2022-07-07','YYYY-MM-DD'));
Insert into BO.EMPRUNTS (LIVRES_ID,MEMBRES_ID,DATE_EMPRUNT,DATE_RETOUR) values ('55','12',to_date('2022-09-29','YYYY-MM-DD'),to_date('2022-11-08','YYYY-MM-DD'));
Insert into BO.EMPRUNTS (LIVRES_ID,MEMBRES_ID,DATE_EMPRUNT,DATE_RETOUR) values ('35','22',to_date('2023-05-10','YYYY-MM-DD'),to_date('2023-06-05','YYYY-MM-DD'));
Insert into BO.EMPRUNTS (LIVRES_ID,MEMBRES_ID,DATE_EMPRUNT,DATE_RETOUR) values ('45','1',to_date('2022-10-19','YYYY-MM-DD'),to_date('2022-11-01','YYYY-MM-DD'));
Insert into BO.EMPRUNTS (LIVRES_ID,MEMBRES_ID,DATE_EMPRUNT,DATE_RETOUR) values ('6','25',to_date('2023-05-25','YYYY-MM-DD'),to_date('2023-06-28','YYYY-MM-DD'));
Insert into BO.EMPRUNTS (LIVRES_ID,MEMBRES_ID,DATE_EMPRUNT,DATE_RETOUR) values ('45','44',to_date('2021-10-17','YYYY-MM-DD'),to_date('2021-11-12','YYYY-MM-DD'));
Insert into BO.EMPRUNTS (LIVRES_ID,MEMBRES_ID,DATE_EMPRUNT,DATE_RETOUR) values ('29','14',to_date('2022-10-11','YYYY-MM-DD'),to_date('2022-11-14','YYYY-MM-DD'));
Insert into BO.EMPRUNTS (LIVRES_ID,MEMBRES_ID,DATE_EMPRUNT,DATE_RETOUR) values ('5','1',to_date('2023-02-02','YYYY-MM-DD'),to_date('2023-02-12','YYYY-MM-DD'));
Insert into BO.EMPRUNTS (LIVRES_ID,MEMBRES_ID,DATE_EMPRUNT,DATE_RETOUR) values ('56','9',to_date('2022-06-09','YYYY-MM-DD'),to_date('2022-07-23','YYYY-MM-DD'));
Insert into BO.EMPRUNTS (LIVRES_ID,MEMBRES_ID,DATE_EMPRUNT,DATE_RETOUR) values ('48','25',to_date('2021-05-03','YYYY-MM-DD'),null);
Insert into BO.EMPRUNTS (LIVRES_ID,MEMBRES_ID,DATE_EMPRUNT,DATE_RETOUR) values ('36','24',to_date('2021-10-06','YYYY-MM-DD'),to_date('2021-10-20','YYYY-MM-DD'));
Insert into BO.EMPRUNTS (LIVRES_ID,MEMBRES_ID,DATE_EMPRUNT,DATE_RETOUR) values ('32','6',to_date('2021-08-05','YYYY-MM-DD'),to_date('2021-08-27','YYYY-MM-DD'));
Insert into BO.EMPRUNTS (LIVRES_ID,MEMBRES_ID,DATE_EMPRUNT,DATE_RETOUR) values ('49','22',to_date('2020-11-16','YYYY-MM-DD'),null);
Insert into BO.EMPRUNTS (LIVRES_ID,MEMBRES_ID,DATE_EMPRUNT,DATE_RETOUR) values ('16','43',to_date('2023-04-18','YYYY-MM-DD'),null);
Insert into BO.EMPRUNTS (LIVRES_ID,MEMBRES_ID,DATE_EMPRUNT,DATE_RETOUR) values ('9','39',to_date('2021-01-29','YYYY-MM-DD'),to_date('2021-03-05','YYYY-MM-DD'));
Insert into BO.EMPRUNTS (LIVRES_ID,MEMBRES_ID,DATE_EMPRUNT,DATE_RETOUR) values ('10','25',to_date('2023-05-25','YYYY-MM-DD'),to_date('2023-08-09','YYYY-MM-DD'));
Insert into BO.EMPRUNTS (LIVRES_ID,MEMBRES_ID,DATE_EMPRUNT,DATE_RETOUR) values ('29','7',to_date('2021-09-01','YYYY-MM-DD'),to_date('2021-09-20','YYYY-MM-DD'));
Insert into BO.EMPRUNTS (LIVRES_ID,MEMBRES_ID,DATE_EMPRUNT,DATE_RETOUR) values ('46','11',to_date('2023-08-10','YYYY-MM-DD'),to_date('2023-09-16','YYYY-MM-DD'));
Insert into BO.EMPRUNTS (LIVRES_ID,MEMBRES_ID,DATE_EMPRUNT,DATE_RETOUR) values ('27','9',to_date('2020-11-17','YYYY-MM-DD'),to_date('2020-12-24','YYYY-MM-DD'));
Insert into BO.EMPRUNTS (LIVRES_ID,MEMBRES_ID,DATE_EMPRUNT,DATE_RETOUR) values ('37','34',to_date('2023-07-03','YYYY-MM-DD'),to_date('2023-08-03','YYYY-MM-DD'));
Insert into BO.EMPRUNTS (LIVRES_ID,MEMBRES_ID,DATE_EMPRUNT,DATE_RETOUR) values ('57','36',to_date('2022-10-30','YYYY-MM-DD'),to_date('2022-11-21','YYYY-MM-DD'));
Insert into BO.EMPRUNTS (LIVRES_ID,MEMBRES_ID,DATE_EMPRUNT,DATE_RETOUR) values ('36','33',to_date('2022-02-04','YYYY-MM-DD'),null);
Insert into BO.EMPRUNTS (LIVRES_ID,MEMBRES_ID,DATE_EMPRUNT,DATE_RETOUR) values ('3','37',to_date('2023-07-16','YYYY-MM-DD'),null);
Insert into BO.EMPRUNTS (LIVRES_ID,MEMBRES_ID,DATE_EMPRUNT,DATE_RETOUR) values ('25','35',to_date('2023-03-26','YYYY-MM-DD'),to_date('2023-06-14','YYYY-MM-DD'));
Insert into BO.EMPRUNTS (LIVRES_ID,MEMBRES_ID,DATE_EMPRUNT,DATE_RETOUR) values ('19','14',to_date('2022-08-07','YYYY-MM-DD'),to_date('2022-09-13','YYYY-MM-DD'));
Insert into BO.EMPRUNTS (LIVRES_ID,MEMBRES_ID,DATE_EMPRUNT,DATE_RETOUR) values ('49','13',to_date('2022-12-28','YYYY-MM-DD'),to_date('2023-03-02','YYYY-MM-DD'));
Insert into BO.EMPRUNTS (LIVRES_ID,MEMBRES_ID,DATE_EMPRUNT,DATE_RETOUR) values ('5','22',to_date('2021-05-12','YYYY-MM-DD'),to_date('2021-07-26','YYYY-MM-DD'));
Insert into BO.EMPRUNTS (LIVRES_ID,MEMBRES_ID,DATE_EMPRUNT,DATE_RETOUR) values ('25','15',to_date('2023-04-01','YYYY-MM-DD'),to_date('2023-05-02','YYYY-MM-DD'));
Insert into BO.EMPRUNTS (LIVRES_ID,MEMBRES_ID,DATE_EMPRUNT,DATE_RETOUR) values ('50','4',to_date('2023-07-23','YYYY-MM-DD'),to_date('2023-09-21','YYYY-MM-DD'));
Insert into BO.EMPRUNTS (LIVRES_ID,MEMBRES_ID,DATE_EMPRUNT,DATE_RETOUR) values ('52','19',to_date('2023-07-17','YYYY-MM-DD'),to_date('2023-08-08','YYYY-MM-DD'));
Insert into BO.EMPRUNTS (LIVRES_ID,MEMBRES_ID,DATE_EMPRUNT,DATE_RETOUR) values ('2','3',to_date('2021-12-22','YYYY-MM-DD'),to_date('2022-03-06','YYYY-MM-DD'));
Insert into BO.EMPRUNTS (LIVRES_ID,MEMBRES_ID,DATE_EMPRUNT,DATE_RETOUR) values ('35','18',to_date('2023-04-01','YYYY-MM-DD'),null);
Insert into BO.EMPRUNTS (LIVRES_ID,MEMBRES_ID,DATE_EMPRUNT,DATE_RETOUR) values ('41','42',to_date('2023-05-22','YYYY-MM-DD'),to_date('2023-08-08','YYYY-MM-DD'));
Insert into BO.EMPRUNTS (LIVRES_ID,MEMBRES_ID,DATE_EMPRUNT,DATE_RETOUR) values ('6','45',to_date('2022-11-05','YYYY-MM-DD'),to_date('2022-12-08','YYYY-MM-DD'));
Insert into BO.EMPRUNTS (LIVRES_ID,MEMBRES_ID,DATE_EMPRUNT,DATE_RETOUR) values ('18','3',to_date('2022-12-08','YYYY-MM-DD'),to_date('2022-12-23','YYYY-MM-DD'));
Insert into BO.EMPRUNTS (LIVRES_ID,MEMBRES_ID,DATE_EMPRUNT,DATE_RETOUR) values ('28','41',to_date('2021-11-29','YYYY-MM-DD'),to_date('2021-12-27','YYYY-MM-DD'));
Insert into BO.EMPRUNTS (LIVRES_ID,MEMBRES_ID,DATE_EMPRUNT,DATE_RETOUR) values ('45','26',to_date('2022-10-30','YYYY-MM-DD'),to_date('2022-11-15','YYYY-MM-DD'));
Insert into BO.EMPRUNTS (LIVRES_ID,MEMBRES_ID,DATE_EMPRUNT,DATE_RETOUR) values ('1','32',to_date('2022-03-26','YYYY-MM-DD'),to_date('2022-06-08','YYYY-MM-DD'));
Insert into BO.EMPRUNTS (LIVRES_ID,MEMBRES_ID,DATE_EMPRUNT,DATE_RETOUR) values ('34','6',to_date('2022-09-17','YYYY-MM-DD'),null);
Insert into BO.EMPRUNTS (LIVRES_ID,MEMBRES_ID,DATE_EMPRUNT,DATE_RETOUR) values ('13','34',to_date('2020-09-16','YYYY-MM-DD'),to_date('2020-10-10','YYYY-MM-DD'));
Insert into BO.EMPRUNTS (LIVRES_ID,MEMBRES_ID,DATE_EMPRUNT,DATE_RETOUR) values ('40','21',to_date('2021-08-27','YYYY-MM-DD'),to_date('2021-11-08','YYYY-MM-DD'));
Insert into BO.EMPRUNTS (LIVRES_ID,MEMBRES_ID,DATE_EMPRUNT,DATE_RETOUR) values ('49','17',to_date('2022-02-23','YYYY-MM-DD'),null);
Insert into BO.EMPRUNTS (LIVRES_ID,MEMBRES_ID,DATE_EMPRUNT,DATE_RETOUR) values ('37','19',to_date('2021-06-30','YYYY-MM-DD'),null);
Insert into BO.EMPRUNTS (LIVRES_ID,MEMBRES_ID,DATE_EMPRUNT,DATE_RETOUR) values ('12','2',to_date('2021-01-25','YYYY-MM-DD'),null);
Insert into BO.EMPRUNTS (LIVRES_ID,MEMBRES_ID,DATE_EMPRUNT,DATE_RETOUR) values ('7','15',to_date('2022-08-22','YYYY-MM-DD'),to_date('2022-10-11','YYYY-MM-DD'));
Insert into BO.EMPRUNTS (LIVRES_ID,MEMBRES_ID,DATE_EMPRUNT,DATE_RETOUR) values ('24','42',to_date('2023-06-18','YYYY-MM-DD'),to_date('2023-08-08','YYYY-MM-DD'));
Insert into BO.EMPRUNTS (LIVRES_ID,MEMBRES_ID,DATE_EMPRUNT,DATE_RETOUR) values ('2','31',to_date('2022-02-16','YYYY-MM-DD'),to_date('2022-05-07','YYYY-MM-DD'));
Insert into BO.EMPRUNTS (LIVRES_ID,MEMBRES_ID,DATE_EMPRUNT,DATE_RETOUR) values ('8','18',to_date('2023-02-13','YYYY-MM-DD'),to_date('2023-04-01','YYYY-MM-DD'));
Insert into BO.EMPRUNTS (LIVRES_ID,MEMBRES_ID,DATE_EMPRUNT,DATE_RETOUR) values ('57','29',to_date('2021-11-25','YYYY-MM-DD'),to_date('2021-12-27','YYYY-MM-DD'));
Insert into BO.EMPRUNTS (LIVRES_ID,MEMBRES_ID,DATE_EMPRUNT,DATE_RETOUR) values ('31','41',to_date('2021-04-15','YYYY-MM-DD'),to_date('2021-05-15','YYYY-MM-DD'));
Insert into BO.EMPRUNTS (LIVRES_ID,MEMBRES_ID,DATE_EMPRUNT,DATE_RETOUR) values ('15','35',to_date('2020-12-11','YYYY-MM-DD'),to_date('2021-02-06','YYYY-MM-DD'));
Insert into BO.EMPRUNTS (LIVRES_ID,MEMBRES_ID,DATE_EMPRUNT,DATE_RETOUR) values ('56','23',to_date('2021-02-27','YYYY-MM-DD'),null);
Insert into BO.EMPRUNTS (LIVRES_ID,MEMBRES_ID,DATE_EMPRUNT,DATE_RETOUR) values ('40','18',to_date('2020-10-12','YYYY-MM-DD'),to_date('2020-12-29','YYYY-MM-DD'));
Insert into BO.EMPRUNTS (LIVRES_ID,MEMBRES_ID,DATE_EMPRUNT,DATE_RETOUR) values ('57','37',to_date('2021-04-22','YYYY-MM-DD'),to_date('2021-05-27','YYYY-MM-DD'));
Insert into BO.EMPRUNTS (LIVRES_ID,MEMBRES_ID,DATE_EMPRUNT,DATE_RETOUR) values ('29','43',to_date('2023-05-12','YYYY-MM-DD'),to_date('2023-06-28','YYYY-MM-DD'));
Insert into BO.EMPRUNTS (LIVRES_ID,MEMBRES_ID,DATE_EMPRUNT,DATE_RETOUR) values ('53','18',to_date('2021-07-05','YYYY-MM-DD'),to_date('2021-07-22','YYYY-MM-DD'));